title,image_1,image_2,image_3,image_4,image_5,image_6,image_7,image_8,image_9,image_10,image_11,image_12,image_13,image_14,image_16,image_15
2012 Ford Fusion Hybrid 4 Cylinder,https://www.dealsunlimitedinc.com/sites/default/files/public/images/DSC01527.JPG,https://www.dealsunlimitedinc.com/sites/default/files/public/images/DSC01528.JPG,https://www.dealsunlimitedinc.com/sites/default/files/public/images/DSC01529.JPG,https://www.dealsunlimitedinc.com/sites/default/files/public/images/DSC01530.JPG,https://www.dealsunlimitedinc.com/sites/default/files/public/images/DSC01531.JPG,https://www.dealsunlimitedinc.com/sites/default/files/public/images/DSC01532.JPG,https://www.dealsunlimitedinc.com/sites/default/files/public/images/DSC01533.JPG,https://www.dealsunlimitedinc.com/sites/default/files/public/images/DSC01534.JPG,https://www.dealsunlimitedinc.com/sites/default/files/public/images/DSC01535.JPG,https://www.dealsunlimitedinc.com/sites/default/files/public/images/DSC01536.JPG,https://www.dealsunlimitedinc.com/sites/default/files/public/images/DSC01537.JPG,https://www.dealsunlimitedinc.com/sites/default/files/public/images/DSC01539.JPG,https://www.dealsunlimitedinc.com/sites/default/files/public/images/DSC01540.JPG,https://www.dealsunlimitedinc.com/sites/default/files/public/images/DSC01541.JPG,https://www.dealsunlimitedinc.com/sites/default/files/public/images/DSC01543.JPG,https://www.dealsunlimitedinc.com/sites/default/files/public/images/DSC01542.JPG
2006 Volkswagen Jetta TDI with PKG 1,https://www.dealsunlimitedinc.com/sites/default/files/public/images/DSC04000.JPG,https://www.dealsunlimitedinc.com/sites/default/files/public/images/DSC04001.JPG,https://www.dealsunlimitedinc.com/sites/default/files/public/images/DSC04002.JPG,https://www.dealsunlimitedinc.com/sites/default/files/public/images/DSC04003_0.JPG,https://www.dealsunlimitedinc.com/sites/default/files/public/images/DSC04004_0.JPG,https://www.dealsunlimitedinc.com/sites/default/files/public/images/DSC04005.JPG,https://www.dealsunlimitedinc.com/sites/default/files/public/images/DSC04007_0.JPG,https://www.dealsunlimitedinc.com/sites/default/files/public/images/DSC04008_0.JPG,https://www.dealsunlimitedinc.com/sites/default/files/public/images/DSC04009_0.JPG,https://www.dealsunlimitedinc.com/sites/default/files/public/images/DSC04010.JPG,https://www.dealsunlimitedinc.com/sites/default/files/public/images/DSC04011.JPG,https://www.dealsunlimitedinc.com/sites/default/files/public/images/DSC04014.JPG,https://www.dealsunlimitedinc.com/sites/default/files/public/images/DSC04015.JPG,https://www.dealsunlimitedinc.com/sites/default/files/public/images/DSC04017.JPG,https://www.dealsunlimitedinc.com/sites/default/files/public/images/DSC04019.JPG,https://www.dealsunlimitedinc.com/sites/default/files/public/images/DSC04018.JPG
2006 Volkswagen Jetta 2.5L 5 Speed Manual,https://www.dealsunlimitedinc.com/sites/default/files/public/images/DSC00537.JPG,https://www.dealsunlimitedinc.com/sites/default/files/public/images/DSC00538_0.JPG,https://www.dealsunlimitedinc.com/sites/default/files/public/images/DSC00539_0.JPG,https://www.dealsunlimitedinc.com/sites/default/files/public/images/DSC00540_0.JPG,https://www.dealsunlimitedinc.com/sites/default/files/public/images/DSC00541_0.JPG,https://www.dealsunlimitedinc.com/sites/default/files/public/images/DSC00542_0.JPG,https://www.dealsunlimitedinc.com/sites/default/files/public/images/DSC00543_0.JPG,https://www.dealsunlimitedinc.com/sites/default/files/public/images/DSC00544.JPG,https://www.dealsunlimitedinc.com/sites/default/files/public/images/DSC00545_0.JPG,https://www.dealsunlimitedinc.com/sites/default/files/public/images/DSC00546_0.JPG,https://www.dealsunlimitedinc.com/sites/default/files/public/images/DSC00547_0.JPG,https://www.dealsunlimitedinc.com/sites/default/files/public/images/DSC00549_0.JPG,https://www.dealsunlimitedinc.com/sites/default/files/public/images/DSC00550_0.JPG,https://www.dealsunlimitedinc.com/sites/default/files/public/images/DSC00551_0.JPG,https://www.dealsunlimitedinc.com/sites/default/files/public/images/DSC00553_0.JPG,https://www.dealsunlimitedinc.com/sites/default/files/public/images/DSC00552_0.JPG
2008 Nissan Altima 2.5 SL 4 Cylinder,https://www.dealsunlimitedinc.com/sites/default/files/public/images/DSC05949.JPG,https://www.dealsunlimitedinc.com/sites/default/files/public/images/DSC05950.JPG,https://www.dealsunlimitedinc.com/sites/default/files/public/images/DSC05951.JPG,https://www.dealsunlimitedinc.com/sites/default/files/public/images/DSC05952.JPG,https://www.dealsunlimitedinc.com/sites/default/files/public/images/DSC05953.JPG,https://www.dealsunlimitedinc.com/sites/default/files/public/images/DSC05954.JPG,https://www.dealsunlimitedinc.com/sites/default/files/public/images/DSC05955.JPG,https://www.dealsunlimitedinc.com/sites/default/files/public/images/DSC05956.JPG,https://www.dealsunlimitedinc.com/sites/default/files/public/images/DSC05957.JPG,https://www.dealsunlimitedinc.com/sites/default/files/public/images/DSC05958.JPG,https://www.dealsunlimitedinc.com/sites/default/files/public/images/DSC05960.JPG,https://www.dealsunlimitedinc.com/sites/default/files/public/images/DSC05960_0.JPG,https://www.dealsunlimitedinc.com/sites/default/files/public/images/DSC05961.JPG,https://www.dealsunlimitedinc.com/sites/default/files/public/images/DSC05962.JPG,https://www.dealsunlimitedinc.com/sites/default/files/public/images/DSC05964.JPG,https://www.dealsunlimitedinc.com/sites/default/files/public/images/DSC05963.JPG
2010 Ford Fusion SE 4 Cylinder,https://www.dealsunlimitedinc.com/sites/default/files/public/images/DSC03640_1.JPG,https://www.dealsunlimitedinc.com/sites/default/files/public/images/DSC03641_1.JPG,https://www.dealsunlimitedinc.com/sites/default/files/public/images/DSC03642_1.JPG,https://www.dealsunlimitedinc.com/sites/default/files/public/images/DSC03643_0.JPG,https://www.dealsunlimitedinc.com/sites/default/files/public/images/DSC03644_1.JPG,https://www.dealsunlimitedinc.com/sites/default/files/public/images/DSC03645_1.JPG,https://www.dealsunlimitedinc.com/sites/default/files/public/images/DSC03646_0.JPG,https://www.dealsunlimitedinc.com/sites/default/files/public/images/DSC03647_1.JPG,https://www.dealsunlimitedinc.com/sites/default/files/public/images/DSC03648_0.JPG,https://www.dealsunlimitedinc.com/sites/default/files/public/images/DSC03649_1.JPG,https://www.dealsunlimitedinc.com/sites/default/files/public/images/DSC03651_1.JPG,https://www.dealsunlimitedinc.com/sites/default/files/public/images/DSC03652_1.JPG,https://www.dealsunlimitedinc.com/sites/default/files/public/images/DSC03653_2.JPG,https://www.dealsunlimitedinc.com/sites/default/files/public/images/DSC03654_2.JPG,,https://www.dealsunlimitedinc.com/sites/default/files/public/images/DSC03655_1.JPG
2006 Chevy Malibu Maxx LT V6,https://www.dealsunlimitedinc.com/sites/default/files/public/images/DSC06567.JPG,https://www.dealsunlimitedinc.com/sites/default/files/public/images/DSC06568.JPG,https://www.dealsunlimitedinc.com/sites/default/files/public/images/DSC06569.JPG,https://www.dealsunlimitedinc.com/sites/default/files/public/images/DSC06570.JPG,https://www.dealsunlimitedinc.com/sites/default/files/public/images/DSC06571.JPG,https://www.dealsunlimitedinc.com/sites/default/files/public/images/DSC06572.JPG,https://www.dealsunlimitedinc.com/sites/default/files/public/images/DSC06573.JPG,https://www.dealsunlimitedinc.com/sites/default/files/public/images/DSC06574.JPG,https://www.dealsunlimitedinc.com/sites/default/files/public/images/DSC06575.JPG,https://www.dealsunlimitedinc.com/sites/default/files/public/images/DSC06576.JPG,https://www.dealsunlimitedinc.com/sites/default/files/public/images/DSC06578.JPG,https://www.dealsunlimitedinc.com/sites/default/files/public/images/DSC06579.JPG,https://www.dealsunlimitedinc.com/sites/default/files/public/images/DSC06580.JPG,https://www.dealsunlimitedinc.com/sites/default/files/public/images/DSC06581.JPG,,https://www.dealsunlimitedinc.com/sites/default/files/public/images/DSC06582.JPG
2008 Mercury Milan,https://www.dealsunlimitedinc.com/sites/default/files/public/images/DSC03693.JPG,https://www.dealsunlimitedinc.com/sites/default/files/public/images/DSC03694.JPG,https://www.dealsunlimitedinc.com/sites/default/files/public/images/DSC03695_0.JPG,https://www.dealsunlimitedinc.com/sites/default/files/public/images/DSC03696.JPG,https://www.dealsunlimitedinc.com/sites/default/files/public/images/DSC03697.JPG,https://www.dealsunlimitedinc.com/sites/default/files/public/images/DSC03698.JPG,https://www.dealsunlimitedinc.com/sites/default/files/public/images/DSC03699.JPG,https://www.dealsunlimitedinc.com/sites/default/files/public/images/DSC03700.JPG,https://www.dealsunlimitedinc.com/sites/default/files/public/images/DSC03701.JPG,https://www.dealsunlimitedinc.com/sites/default/files/public/images/DSC03704.JPG,https://www.dealsunlimitedinc.com/sites/default/files/public/images/DSC03705.JPG,https://www.dealsunlimitedinc.com/sites/default/files/public/images/DSC03706.JPG,https://www.dealsunlimitedinc.com/sites/default/files/public/images/DSC03707.JPG,https://www.dealsunlimitedinc.com/sites/default/files/public/images/DSC03708.JPG,,
2009 Hyundai Sonata GLS V6,https://www.dealsunlimitedinc.com/sites/default/files/public/images/DSC05032_0.JPG,https://www.dealsunlimitedinc.com/sites/default/files/public/images/DSC05033_0.JPG,https://www.dealsunlimitedinc.com/sites/default/files/public/images/DSC05034_0.JPG,https://www.dealsunlimitedinc.com/sites/default/files/public/images/DSC05035.JPG,https://www.dealsunlimitedinc.com/sites/default/files/public/images/DSC05036.JPG,https://www.dealsunlimitedinc.com/sites/default/files/public/images/DSC05037.JPG,https://www.dealsunlimitedinc.com/sites/default/files/public/images/DSC05038.JPG,https://www.dealsunlimitedinc.com/sites/default/files/public/images/DSC05039.JPG,https://www.dealsunlimitedinc.com/sites/default/files/public/images/DSC05040.JPG,https://www.dealsunlimitedinc.com/sites/default/files/public/images/DSC05042.JPG,https://www.dealsunlimitedinc.com/sites/default/files/public/images/DSC05043.JPG,https://www.dealsunlimitedinc.com/sites/default/files/public/images/DSC05044.JPG,https://www.dealsunlimitedinc.com/sites/default/files/public/images/DSC05045.JPG,https://www.dealsunlimitedinc.com/sites/default/files/public/images/DSC05046.JPG,,https://www.dealsunlimitedinc.com/sites/default/files/public/images/DSC05047.JPG
2007 Pontiac G6 GT Convertible V6,https://www.dealsunlimitedinc.com/sites/default/files/public/images/DSC02314_0.JPG,https://www.dealsunlimitedinc.com/sites/default/files/public/images/DSC02315_0.JPG,https://www.dealsunlimitedinc.com/sites/default/files/public/images/DSC02316_0.JPG,https://www.dealsunlimitedinc.com/sites/default/files/public/images/DSC02317_0.JPG,https://www.dealsunlimitedinc.com/sites/default/files/public/images/DSC02318_0.JPG,https://www.dealsunlimitedinc.com/sites/default/files/public/images/DSC02319_0.JPG,https://www.dealsunlimitedinc.com/sites/default/files/public/images/DSC02320.JPG,https://www.dealsunlimitedinc.com/sites/default/files/public/images/DSC02321.JPG,https://www.dealsunlimitedinc.com/sites/default/files/public/images/DSC02322.JPG,https://www.dealsunlimitedinc.com/sites/default/files/public/images/DSC02323.JPG,https://www.dealsunlimitedinc.com/sites/default/files/public/images/DSC02324.JPG,https://www.dealsunlimitedinc.com/sites/default/files/public/images/DSC02327_0.JPG,https://www.dealsunlimitedinc.com/sites/default/files/public/images/DSC02329_0.JPG,https://www.dealsunlimitedinc.com/sites/default/files/public/images/DSC02330.JPG,,https://www.dealsunlimitedinc.com/sites/default/files/public/images/DSC02331.JPG
2012 Ford Fusion Hybrid,https://www.dealsunlimitedinc.com/sites/default/files/public/images/DSC09034.JPG,https://www.dealsunlimitedinc.com/sites/default/files/public/images/DSC09035.JPG,https://www.dealsunlimitedinc.com/sites/default/files/public/images/DSC09036_0.JPG,https://www.dealsunlimitedinc.com/sites/default/files/public/images/DSC09037_0.JPG,https://www.dealsunlimitedinc.com/sites/default/files/public/images/DSC09038_0.JPG,https://www.dealsunlimitedinc.com/sites/default/files/public/images/DSC09039_0.JPG,https://www.dealsunlimitedinc.com/sites/default/files/public/images/DSC09040_0.JPG,https://www.dealsunlimitedinc.com/sites/default/files/public/images/DSC09042_0.JPG,https://www.dealsunlimitedinc.com/sites/default/files/public/images/DSC09043_0.JPG,https://www.dealsunlimitedinc.com/sites/default/files/public/images/DSC09044_0.JPG,https://www.dealsunlimitedinc.com/sites/default/files/public/images/DSC09045.JPG,https://www.dealsunlimitedinc.com/sites/default/files/public/images/DSC09047_0.JPG,https://www.dealsunlimitedinc.com/sites/default/files/public/images/DSC09048.JPG,https://www.dealsunlimitedinc.com/sites/default/files/public/images/DSC09049.JPG,https://www.dealsunlimitedinc.com/sites/default/files/public/images/DSC09051_0.JPG,https://www.dealsunlimitedinc.com/sites/default/files/public/images/DSC09050_0.JPG
2004 Ford Taurus SE,https://www.dealsunlimitedinc.com/sites/default/files/public/images/DSC06374.JPG,https://www.dealsunlimitedinc.com/sites/default/files/public/images/DSC06375.JPG,https://www.dealsunlimitedinc.com/sites/default/files/public/images/DSC06376.JPG,https://www.dealsunlimitedinc.com/sites/default/files/public/images/DSC06377.JPG,https://www.dealsunlimitedinc.com/sites/default/files/public/images/DSC06378.JPG,https://www.dealsunlimitedinc.com/sites/default/files/public/images/DSC06379.JPG,https://www.dealsunlimitedinc.com/sites/default/files/public/images/DSC06380.JPG,https://www.dealsunlimitedinc.com/sites/default/files/public/images/DSC06381.JPG,https://www.dealsunlimitedinc.com/sites/default/files/public/images/DSC06382.JPG,https://www.dealsunlimitedinc.com/sites/default/files/public/images/DSC06384.JPG,https://www.dealsunlimitedinc.com/sites/default/files/public/images/DSC06385.JPG,https://www.dealsunlimitedinc.com/sites/default/files/public/images/DSC06386.JPG,https://www.dealsunlimitedinc.com/sites/default/files/public/images/DSC06387.JPG,https://www.dealsunlimitedinc.com/sites/default/files/public/images/DSC06388.JPG,,
2006 Hyundai Sonata GLS V6,https://www.dealsunlimitedinc.com/sites/default/files/public/images/DSC07324.JPG,https://www.dealsunlimitedinc.com/sites/default/files/public/images/DSC07325.JPG,https://www.dealsunlimitedinc.com/sites/default/files/public/images/DSC07326.JPG,https://www.dealsunlimitedinc.com/sites/default/files/public/images/DSC07327.JPG,https://www.dealsunlimitedinc.com/sites/default/files/public/images/DSC07331.JPG,https://www.dealsunlimitedinc.com/sites/default/files/public/images/DSC07332.JPG,https://www.dealsunlimitedinc.com/sites/default/files/public/images/DSC07333.JPG,https://www.dealsunlimitedinc.com/sites/default/files/public/images/DSC07334.JPG,https://www.dealsunlimitedinc.com/sites/default/files/public/images/DSC07335.JPG,https://www.dealsunlimitedinc.com/sites/default/files/public/images/DSC07337.JPG,https://www.dealsunlimitedinc.com/sites/default/files/public/images/DSC07339.JPG,https://www.dealsunlimitedinc.com/sites/default/files/public/images/DSC07340.JPG,https://www.dealsunlimitedinc.com/sites/default/files/public/images/DSC07341.JPG,https://www.dealsunlimitedinc.com/sites/default/files/public/images/DSC07342.JPG,https://www.dealsunlimitedinc.com/sites/default/files/public/images/DSC07344.JPG,https://www.dealsunlimitedinc.com/sites/default/files/public/images/DSC07343.JPG
2005 Ford Taurus SEL,https://www.dealsunlimitedinc.com/sites/default/files/public/images/DSC06184_0.JPG,https://www.dealsunlimitedinc.com/sites/default/files/public/images/DSC06185.JPG,https://www.dealsunlimitedinc.com/sites/default/files/public/images/DSC06186.JPG,https://www.dealsunlimitedinc.com/sites/default/files/public/images/DSC06187_0.JPG,https://www.dealsunlimitedinc.com/sites/default/files/public/images/DSC06188_0.JPG,https://www.dealsunlimitedinc.com/sites/default/files/public/images/DSC06189_0.JPG,https://www.dealsunlimitedinc.com/sites/default/files/public/images/DSC06190_0.JPG,https://www.dealsunlimitedinc.com/sites/default/files/public/images/DSC06191_0.JPG,https://www.dealsunlimitedinc.com/sites/default/files/public/images/DSC06192_0.JPG,https://www.dealsunlimitedinc.com/sites/default/files/public/images/DSC06194.JPG,https://www.dealsunlimitedinc.com/sites/default/files/public/images/DSC06195.JPG,https://www.dealsunlimitedinc.com/sites/default/files/public/images/DSC06196.JPG,https://www.dealsunlimitedinc.com/sites/default/files/public/images/DSC06197.JPG,https://www.dealsunlimitedinc.com/sites/default/files/public/images/DSC06198.JPG,,
2007 Toyota Camry XLE 4 Cylindeer,https://www.dealsunlimitedinc.com/sites/default/files/public/images/DSC06281.JPG,https://www.dealsunlimitedinc.com/sites/default/files/public/images/DSC06282.JPG,https://www.dealsunlimitedinc.com/sites/default/files/public/images/DSC06283.JPG,https://www.dealsunlimitedinc.com/sites/default/files/public/images/DSC06284.JPG,https://www.dealsunlimitedinc.com/sites/default/files/public/images/DSC06285.JPG,https://www.dealsunlimitedinc.com/sites/default/files/public/images/DSC06286.JPG,https://www.dealsunlimitedinc.com/sites/default/files/public/images/DSC06287.JPG,https://www.dealsunlimitedinc.com/sites/default/files/public/images/DSC06288.JPG,https://www.dealsunlimitedinc.com/sites/default/files/public/images/DSC06289.JPG,https://www.dealsunlimitedinc.com/sites/default/files/public/images/DSC06290.JPG,https://www.dealsunlimitedinc.com/sites/default/files/public/images/DSC06292.JPG,https://www.dealsunlimitedinc.com/sites/default/files/public/images/DSC06293.JPG,https://www.dealsunlimitedinc.com/sites/default/files/public/images/DSC06294.JPG,https://www.dealsunlimitedinc.com/sites/default/files/public/images/DSC06295.JPG,https://www.dealsunlimitedinc.com/sites/default/files/public/images/DSC06297.JPG,https://www.dealsunlimitedinc.com/sites/default/files/public/images/DSC06296.JPG
2006 Volkswagen Passat 2.0T Luxury,https://www.dealsunlimitedinc.com/sites/default/files/public/images/DSC07358.JPG,https://www.dealsunlimitedinc.com/sites/default/files/public/images/DSC07359.JPG,https://www.dealsunlimitedinc.com/sites/default/files/public/images/DSC07360.JPG,https://www.dealsunlimitedinc.com/sites/default/files/public/images/DSC07361.JPG,https://www.dealsunlimitedinc.com/sites/default/files/public/images/DSC07362.JPG,https://www.dealsunlimitedinc.com/sites/default/files/public/images/DSC07363.JPG,https://www.dealsunlimitedinc.com/sites/default/files/public/images/DSC07364.JPG,https://www.dealsunlimitedinc.com/sites/default/files/public/images/DSC07365.JPG,https://www.dealsunlimitedinc.com/sites/default/files/public/images/DSC07367.JPG,https://www.dealsunlimitedinc.com/sites/default/files/public/images/DSC07368.JPG,https://www.dealsunlimitedinc.com/sites/default/files/public/images/DSC07369.JPG,https://www.dealsunlimitedinc.com/sites/default/files/public/images/DSC07370.JPG,https://www.dealsunlimitedinc.com/sites/default/files/public/images/DSC07371.JPG,https://www.dealsunlimitedinc.com/sites/default/files/public/images/DSC07372.JPG,,https://www.dealsunlimitedinc.com/sites/default/files/public/images/DSC07373.JPG
2010 Dodge Charger SXT 3.5L V6 RWD,https://www.dealsunlimitedinc.com/sites/default/files/public/images/DSC02375.JPG,https://www.dealsunlimitedinc.com/sites/default/files/public/images/DSC02376.JPG,https://www.dealsunlimitedinc.com/sites/default/files/public/images/DSC02377.JPG,https://www.dealsunlimitedinc.com/sites/default/files/public/images/DSC02378.JPG,https://www.dealsunlimitedinc.com/sites/default/files/public/images/DSC02379.JPG,https://www.dealsunlimitedinc.com/sites/default/files/public/images/DSC02380.JPG,https://www.dealsunlimitedinc.com/sites/default/files/public/images/DSC02381.JPG,https://www.dealsunlimitedinc.com/sites/default/files/public/images/DSC02382.JPG,https://www.dealsunlimitedinc.com/sites/default/files/public/images/DSC02383.JPG,https://www.dealsunlimitedinc.com/sites/default/files/public/images/DSC02384.JPG,https://www.dealsunlimitedinc.com/sites/default/files/public/images/DSC02385.JPG,https://www.dealsunlimitedinc.com/sites/default/files/public/images/DSC02387.JPG,https://www.dealsunlimitedinc.com/sites/default/files/public/images/DSC02388.JPG,https://www.dealsunlimitedinc.com/sites/default/files/public/images/DSC02389.JPG,https://www.dealsunlimitedinc.com/sites/default/files/public/images/DSC02391.JPG,https://www.dealsunlimitedinc.com/sites/default/files/public/images/DSC02390.JPG
2006 Pontiac G6 4 Cylinder,https://www.dealsunlimitedinc.com/sites/default/files/public/images/DSC05277.JPG,https://www.dealsunlimitedinc.com/sites/default/files/public/images/DSC05278.JPG,https://www.dealsunlimitedinc.com/sites/default/files/public/images/DSC05279.JPG,https://www.dealsunlimitedinc.com/sites/default/files/public/images/DSC05280.JPG,https://www.dealsunlimitedinc.com/sites/default/files/public/images/DSC05281.JPG,https://www.dealsunlimitedinc.com/sites/default/files/public/images/DSC05282.JPG,https://www.dealsunlimitedinc.com/sites/default/files/public/images/DSC05283_0.JPG,https://www.dealsunlimitedinc.com/sites/default/files/public/images/DSC05284_0.JPG,https://www.dealsunlimitedinc.com/sites/default/files/public/images/DSC05285_0.JPG,https://www.dealsunlimitedinc.com/sites/default/files/public/images/DSC05288_0.JPG,https://www.dealsunlimitedinc.com/sites/default/files/public/images/DSC05289_0.JPG,https://www.dealsunlimitedinc.com/sites/default/files/public/images/DSC05290_0.JPG,https://www.dealsunlimitedinc.com/sites/default/files/public/images/DSC05291_0.JPG,https://www.dealsunlimitedinc.com/sites/default/files/public/images/DSC05292_0.JPG,,
2008 Honda Accord EX-L V6,https://www.dealsunlimitedinc.com/sites/default/files/public/images/DSC04616.JPG,https://www.dealsunlimitedinc.com/sites/default/files/public/images/DSC04617.JPG,https://www.dealsunlimitedinc.com/sites/default/files/public/images/DSC04618_0.JPG,https://www.dealsunlimitedinc.com/sites/default/files/public/images/DSC04619_0.JPG,https://www.dealsunlimitedinc.com/sites/default/files/public/images/DSC04620_0.JPG,https://www.dealsunlimitedinc.com/sites/default/files/public/images/DSC04621_0.JPG,https://www.dealsunlimitedinc.com/sites/default/files/public/images/DSC04623.JPG,https://www.dealsunlimitedinc.com/sites/default/files/public/images/DSC04624.JPG,https://www.dealsunlimitedinc.com/sites/default/files/public/images/DSC04625.JPG,https://www.dealsunlimitedinc.com/sites/default/files/public/images/DSC04626_0.JPG,https://www.dealsunlimitedinc.com/sites/default/files/public/images/DSC04627.JPG,https://www.dealsunlimitedinc.com/sites/default/files/public/images/DSC04629.JPG,https://www.dealsunlimitedinc.com/sites/default/files/public/images/DSC04630.JPG,https://www.dealsunlimitedinc.com/sites/default/files/public/images/DSC04631.JPG,https://www.dealsunlimitedinc.com/sites/default/files/public/images/DSC04633.JPG,https://www.dealsunlimitedinc.com/sites/default/files/public/images/DSC04632_0.JPG
2012 Ford Taurus SEL,https://www.dealsunlimitedinc.com/sites/default/files/public/images/DSC06744.JPG,https://www.dealsunlimitedinc.com/sites/default/files/public/images/DSC06745.JPG,https://www.dealsunlimitedinc.com/sites/default/files/public/images/DSC06746.JPG,https://www.dealsunlimitedinc.com/sites/default/files/public/images/DSC06747.JPG,https://www.dealsunlimitedinc.com/sites/default/files/public/images/DSC06748.JPG,https://www.dealsunlimitedinc.com/sites/default/files/public/images/DSC06749.JPG,https://www.dealsunlimitedinc.com/sites/default/files/public/images/DSC06751.JPG,https://www.dealsunlimitedinc.com/sites/default/files/public/images/DSC06752.JPG,https://www.dealsunlimitedinc.com/sites/default/files/public/images/DSC06753.JPG,https://www.dealsunlimitedinc.com/sites/default/files/public/images/DSC06754.JPG,https://www.dealsunlimitedinc.com/sites/default/files/public/images/DSC06755.JPG,https://www.dealsunlimitedinc.com/sites/default/files/public/images/DSC06757.JPG,https://www.dealsunlimitedinc.com/sites/default/files/public/images/DSC06758.JPG,https://www.dealsunlimitedinc.com/sites/default/files/public/images/DSC06759.JPG,https://www.dealsunlimitedinc.com/sites/default/files/public/images/DSC06761.JPG,https://www.dealsunlimitedinc.com/sites/default/files/public/images/DSC06760.JPG
2010 Chevy Impala LT,https://www.dealsunlimitedinc.com/sites/default/files/public/images/DSC05244.JPG,https://www.dealsunlimitedinc.com/sites/default/files/public/images/DSC05245.JPG,https://www.dealsunlimitedinc.com/sites/default/files/public/images/DSC05246.JPG,https://www.dealsunlimitedinc.com/sites/default/files/public/images/DSC05247.JPG,https://www.dealsunlimitedinc.com/sites/default/files/public/images/DSC05248.JPG,https://www.dealsunlimitedinc.com/sites/default/files/public/images/DSC05249.JPG,https://www.dealsunlimitedinc.com/sites/default/files/public/images/DSC05250.JPG,https://www.dealsunlimitedinc.com/sites/default/files/public/images/DSC05251.JPG,https://www.dealsunlimitedinc.com/sites/default/files/public/images/DSC05252.JPG,https://www.dealsunlimitedinc.com/sites/default/files/public/images/DSC05254.JPG,https://www.dealsunlimitedinc.com/sites/default/files/public/images/DSC05255.JPG,https://www.dealsunlimitedinc.com/sites/default/files/public/images/DSC05256.JPG,https://www.dealsunlimitedinc.com/sites/default/files/public/images/DSC05257.JPG,https://www.dealsunlimitedinc.com/sites/default/files/public/images/DSC05258.JPG,,
2011 Nissan Versa 1.8 S Hatchback,https://www.dealsunlimitedinc.com/sites/default/files/public/images/DSC03911.JPG,https://www.dealsunlimitedinc.com/sites/default/files/public/images/DSC03912.JPG,https://www.dealsunlimitedinc.com/sites/default/files/public/images/DSC03913.JPG,https://www.dealsunlimitedinc.com/sites/default/files/public/images/DSC03914.JPG,https://www.dealsunlimitedinc.com/sites/default/files/public/images/DSC03915.JPG,https://www.dealsunlimitedinc.com/sites/default/files/public/images/DSC03916.JPG,https://www.dealsunlimitedinc.com/sites/default/files/public/images/DSC03917.JPG,https://www.dealsunlimitedinc.com/sites/default/files/public/images/DSC03918.JPG,https://www.dealsunlimitedinc.com/sites/default/files/public/images/DSC03919.JPG,https://www.dealsunlimitedinc.com/sites/default/files/public/images/DSC03921.JPG,https://www.dealsunlimitedinc.com/sites/default/files/public/images/DSC03922.JPG,https://www.dealsunlimitedinc.com/sites/default/files/public/images/DSC03923.JPG,https://www.dealsunlimitedinc.com/sites/default/files/public/images/DSC03924.JPG,https://www.dealsunlimitedinc.com/sites/default/files/public/images/DSC03925.JPG,,
2008 Toyota Camry LE 4 Cylinder,https://www.dealsunlimitedinc.com/sites/default/files/public/images/DSC05769_0.JPG,https://www.dealsunlimitedinc.com/sites/default/files/public/images/DSC05770_0.JPG,https://www.dealsunlimitedinc.com/sites/default/files/public/images/DSC05771_0.JPG,https://www.dealsunlimitedinc.com/sites/default/files/public/images/DSC05772_0.JPG,https://www.dealsunlimitedinc.com/sites/default/files/public/images/DSC05773_0.JPG,https://www.dealsunlimitedinc.com/sites/default/files/public/images/DSC05774_0.JPG,https://www.dealsunlimitedinc.com/sites/default/files/public/images/DSC05775_0.JPG,https://www.dealsunlimitedinc.com/sites/default/files/public/images/DSC05776.JPG,https://www.dealsunlimitedinc.com/sites/default/files/public/images/DSC05777_0.JPG,https://www.dealsunlimitedinc.com/sites/default/files/public/images/DSC05778_0.JPG,https://www.dealsunlimitedinc.com/sites/default/files/public/images/DSC05779_0.JPG,https://www.dealsunlimitedinc.com/sites/default/files/public/images/DSC05781_0.JPG,https://www.dealsunlimitedinc.com/sites/default/files/public/images/DSC05782.JPG,https://www.dealsunlimitedinc.com/sites/default/files/public/images/DSC05783.JPG,https://www.dealsunlimitedinc.com/sites/default/files/public/images/DSC05785.JPG,https://www.dealsunlimitedinc.com/sites/default/files/public/images/DSC05784.JPG
2005 Volkswagen Jetta 2.5L 5 Speed Manual,https://www.dealsunlimitedinc.com/sites/default/files/public/images/DSC05114.JPG,https://www.dealsunlimitedinc.com/sites/default/files/public/images/DSC05115.JPG,https://www.dealsunlimitedinc.com/sites/default/files/public/images/DSC05116.JPG,https://www.dealsunlimitedinc.com/sites/default/files/public/images/DSC05117.JPG,https://www.dealsunlimitedinc.com/sites/default/files/public/images/DSC05118.JPG,https://www.dealsunlimitedinc.com/sites/default/files/public/images/DSC05119.JPG,https://www.dealsunlimitedinc.com/sites/default/files/public/images/DSC05120.JPG,https://www.dealsunlimitedinc.com/sites/default/files/public/images/DSC05121.JPG,https://www.dealsunlimitedinc.com/sites/default/files/public/images/DSC05122.JPG,https://www.dealsunlimitedinc.com/sites/default/files/public/images/DSC05123.JPG,https://www.dealsunlimitedinc.com/sites/default/files/public/images/DSC05124.JPG,https://www.dealsunlimitedinc.com/sites/default/files/public/images/DSC05126.JPG,https://www.dealsunlimitedinc.com/sites/default/files/public/images/DSC05127.JPG,https://www.dealsunlimitedinc.com/sites/default/files/public/images/DSC05129.JPG,https://www.dealsunlimitedinc.com/sites/default/files/public/images/DSC05131.JPG,https://www.dealsunlimitedinc.com/sites/default/files/public/images/DSC05130.JPG
2011 Dodge Charger SE,https://www.dealsunlimitedinc.com/sites/default/files/public/images/DSC04662.JPG,https://www.dealsunlimitedinc.com/sites/default/files/public/images/DSC04663.JPG,https://www.dealsunlimitedinc.com/sites/default/files/public/images/DSC04664.JPG,https://www.dealsunlimitedinc.com/sites/default/files/public/images/DSC04665.JPG,https://www.dealsunlimitedinc.com/sites/default/files/public/images/DSC04666.JPG,https://www.dealsunlimitedinc.com/sites/default/files/public/images/DSC04667.JPG,https://www.dealsunlimitedinc.com/sites/default/files/public/images/DSC04668.JPG,https://www.dealsunlimitedinc.com/sites/default/files/public/images/DSC04669.JPG,https://www.dealsunlimitedinc.com/sites/default/files/public/images/DSC04670.JPG,https://www.dealsunlimitedinc.com/sites/default/files/public/images/DSC04672_0.JPG,https://www.dealsunlimitedinc.com/sites/default/files/public/images/DSC04673_0.JPG,https://www.dealsunlimitedinc.com/sites/default/files/public/images/DSC04674_0.JPG,https://www.dealsunlimitedinc.com/sites/default/files/public/images/DSC04675_0.JPG,https://www.dealsunlimitedinc.com/sites/default/files/public/images/DSC04676_0.JPG,https://www.dealsunlimitedinc.com/sites/default/files/public/images/DSC04678_0.JPG,https://www.dealsunlimitedinc.com/sites/default/files/public/images/DSC04677_0.JPG
2007 Pontiac Grand Prix,https://www.dealsunlimitedinc.com/sites/default/files/public/images/DSC06486.JPG,https://www.dealsunlimitedinc.com/sites/default/files/public/images/DSC06487.JPG,https://www.dealsunlimitedinc.com/sites/default/files/public/images/DSC06488.JPG,https://www.dealsunlimitedinc.com/sites/default/files/public/images/DSC06489.JPG,https://www.dealsunlimitedinc.com/sites/default/files/public/images/DSC06490.JPG,https://www.dealsunlimitedinc.com/sites/default/files/public/images/DSC06491.JPG,https://www.dealsunlimitedinc.com/sites/default/files/public/images/DSC06492.JPG,https://www.dealsunlimitedinc.com/sites/default/files/public/images/DSC06493.JPG,https://www.dealsunlimitedinc.com/sites/default/files/public/images/DSC06494.JPG,https://www.dealsunlimitedinc.com/sites/default/files/public/images/DSC06496.JPG,https://www.dealsunlimitedinc.com/sites/default/files/public/images/DSC06497.JPG,https://www.dealsunlimitedinc.com/sites/default/files/public/images/DSC06498.JPG,https://www.dealsunlimitedinc.com/sites/default/files/public/images/DSC06499.JPG,https://www.dealsunlimitedinc.com/sites/default/files/public/images/DSC06500.JPG,,
2004 Volkswagen Phaeton AWD V8,https://www.dealsunlimitedinc.com/sites/default/files/public/images/DSC05877.JPG,https://www.dealsunlimitedinc.com/sites/default/files/public/images/DSC05878_0.JPG,https://www.dealsunlimitedinc.com/sites/default/files/public/images/DSC05879.JPG,https://www.dealsunlimitedinc.com/sites/default/files/public/images/DSC05880.JPG,https://www.dealsunlimitedinc.com/sites/default/files/public/images/DSC05881.JPG,https://www.dealsunlimitedinc.com/sites/default/files/public/images/DSC05882.JPG,https://www.dealsunlimitedinc.com/sites/default/files/public/images/DSC05883.JPG,https://www.dealsunlimitedinc.com/sites/default/files/public/images/DSC05884_0.JPG,https://www.dealsunlimitedinc.com/sites/default/files/public/images/DSC05885.JPG,https://www.dealsunlimitedinc.com/sites/default/files/public/images/DSC05886.JPG,https://www.dealsunlimitedinc.com/sites/default/files/public/images/DSC05887.JPG,https://www.dealsunlimitedinc.com/sites/default/files/public/images/DSC05889.JPG,https://www.dealsunlimitedinc.com/sites/default/files/public/images/DSC05891.JPG,https://www.dealsunlimitedinc.com/sites/default/files/public/images/DSC05892.JPG,https://www.dealsunlimitedinc.com/sites/default/files/public/images/DSC05894.JPG,https://www.dealsunlimitedinc.com/sites/default/files/public/images/DSC05893.JPG
2007 Honda Civic EX 5 Speed Manual,https://www.dealsunlimitedinc.com/sites/default/files/public/images/DSC06217.JPG,https://www.dealsunlimitedinc.com/sites/default/files/public/images/DSC06218.JPG,https://www.dealsunlimitedinc.com/sites/default/files/public/images/DSC06219.JPG,https://www.dealsunlimitedinc.com/sites/default/files/public/images/DSC06220.JPG,https://www.dealsunlimitedinc.com/sites/default/files/public/images/DSC06221.JPG,https://www.dealsunlimitedinc.com/sites/default/files/public/images/DSC06222.JPG,https://www.dealsunlimitedinc.com/sites/default/files/public/images/DSC06223.JPG,https://www.dealsunlimitedinc.com/sites/default/files/public/images/DSC06224.JPG,https://www.dealsunlimitedinc.com/sites/default/files/public/images/DSC06225.JPG,https://www.dealsunlimitedinc.com/sites/default/files/public/images/DSC06226.JPG,https://www.dealsunlimitedinc.com/sites/default/files/public/images/DSC06228.JPG,https://www.dealsunlimitedinc.com/sites/default/files/public/images/DSC06229.JPG,https://www.dealsunlimitedinc.com/sites/default/files/public/images/DSC06230.JPG,https://www.dealsunlimitedinc.com/sites/default/files/public/images/DSC06231.JPG,https://www.dealsunlimitedinc.com/sites/default/files/public/images/DSC06233.JPG,https://www.dealsunlimitedinc.com/sites/default/files/public/images/DSC06232.JPG
2009 Volkswagen Jetta TDI Diesel Sedan,https://www.dealsunlimitedinc.com/sites/default/files/public/images/DSC08651.JPG,https://www.dealsunlimitedinc.com/sites/default/files/public/images/DSC08652.JPG,https://www.dealsunlimitedinc.com/sites/default/files/public/images/DSC08653.JPG,https://www.dealsunlimitedinc.com/sites/default/files/public/images/DSC08654.JPG,https://www.dealsunlimitedinc.com/sites/default/files/public/images/DSC08655.JPG,https://www.dealsunlimitedinc.com/sites/default/files/public/images/DSC08656.JPG,https://www.dealsunlimitedinc.com/sites/default/files/public/images/DSC08657.JPG,https://www.dealsunlimitedinc.com/sites/default/files/public/images/DSC08658.JPG,https://www.dealsunlimitedinc.com/sites/default/files/public/images/DSC08659.JPG,https://www.dealsunlimitedinc.com/sites/default/files/public/images/DSC08660.JPG,https://www.dealsunlimitedinc.com/sites/default/files/public/images/DSC08661.JPG,https://www.dealsunlimitedinc.com/sites/default/files/public/images/DSC08663.JPG,https://www.dealsunlimitedinc.com/sites/default/files/public/images/DSC08664.JPG,https://www.dealsunlimitedinc.com/sites/default/files/public/images/DSC08665.JPG,https://www.dealsunlimitedinc.com/sites/default/files/public/images/DSC08667_0.JPG,https://www.dealsunlimitedinc.com/sites/default/files/public/images/DSC08666_0.JPG
2006 Pontiac Solstice Roadster Convertible 5 Speed Manual,https://www.dealsunlimitedinc.com/sites/default/files/public/images/DSC00361.JPG,https://www.dealsunlimitedinc.com/sites/default/files/public/images/DSC00362.JPG,https://www.dealsunlimitedinc.com/sites/default/files/public/images/DSC00363.JPG,https://www.dealsunlimitedinc.com/sites/default/files/public/images/DSC00364.JPG,https://www.dealsunlimitedinc.com/sites/default/files/public/images/DSC00365.JPG,https://www.dealsunlimitedinc.com/sites/default/files/public/images/DSC00366.JPG,https://www.dealsunlimitedinc.com/sites/default/files/public/images/DSC00367.JPG,https://www.dealsunlimitedinc.com/sites/default/files/public/images/DSC00368.JPG,https://www.dealsunlimitedinc.com/sites/default/files/public/images/DSC00369.JPG,https://www.dealsunlimitedinc.com/sites/default/files/public/images/DSC00371.JPG,https://www.dealsunlimitedinc.com/sites/default/files/public/images/DSC00372.JPG,https://www.dealsunlimitedinc.com/sites/default/files/public/images/DSC00373.JPG,https://www.dealsunlimitedinc.com/sites/default/files/public/images/DSC00374.JPG,,,
2009 Mercury Sable Premier Edition V6,https://www.dealsunlimitedinc.com/sites/default/files/public/images/DSC05696.JPG,https://www.dealsunlimitedinc.com/sites/default/files/public/images/DSC05697.JPG,https://www.dealsunlimitedinc.com/sites/default/files/public/images/DSC05698.JPG,https://www.dealsunlimitedinc.com/sites/default/files/public/images/DSC05699.JPG,https://www.dealsunlimitedinc.com/sites/default/files/public/images/DSC05700.JPG,https://www.dealsunlimitedinc.com/sites/default/files/public/images/DSC05701.JPG,https://www.dealsunlimitedinc.com/sites/default/files/public/images/DSC05702.JPG,https://www.dealsunlimitedinc.com/sites/default/files/public/images/DSC05703.JPG,https://www.dealsunlimitedinc.com/sites/default/files/public/images/DSC05704.JPG,https://www.dealsunlimitedinc.com/sites/default/files/public/images/DSC05705_0.JPG,https://www.dealsunlimitedinc.com/sites/default/files/public/images/DSC05708_0.JPG,https://www.dealsunlimitedinc.com/sites/default/files/public/images/DSC05709_0.JPG,https://www.dealsunlimitedinc.com/sites/default/files/public/images/DSC05710_0.JPG,https://www.dealsunlimitedinc.com/sites/default/files/public/images/DSC05711_0.JPG,https://www.dealsunlimitedinc.com/sites/default/files/public/images/DSC05713_0.JPG,https://www.dealsunlimitedinc.com/sites/default/files/public/images/DSC05712_0.JPG
2008 Audi A4 2.0T Quattro AWD,https://www.dealsunlimitedinc.com/sites/default/files/public/images/DSC08901_0.JPG,https://www.dealsunlimitedinc.com/sites/default/files/public/images/DSC08902.JPG,https://www.dealsunlimitedinc.com/sites/default/files/public/images/DSC08903.JPG,https://www.dealsunlimitedinc.com/sites/default/files/public/images/DSC08904.JPG,https://www.dealsunlimitedinc.com/sites/default/files/public/images/DSC08905.JPG,https://www.dealsunlimitedinc.com/sites/default/files/public/images/DSC08906.JPG,https://www.dealsunlimitedinc.com/sites/default/files/public/images/DSC08907.JPG,https://www.dealsunlimitedinc.com/sites/default/files/public/images/DSC08909.JPG,https://www.dealsunlimitedinc.com/sites/default/files/public/images/DSC08910.JPG,https://www.dealsunlimitedinc.com/sites/default/files/public/images/DSC08911.JPG,https://www.dealsunlimitedinc.com/sites/default/files/public/images/DSC08913.JPG,https://www.dealsunlimitedinc.com/sites/default/files/public/images/DSC08914.JPG,https://www.dealsunlimitedinc.com/sites/default/files/public/images/DSC08915.JPG,https://www.dealsunlimitedinc.com/sites/default/files/public/images/DSC08916.JPG,https://www.dealsunlimitedinc.com/sites/default/files/public/images/DSC08918.JPG,https://www.dealsunlimitedinc.com/sites/default/files/public/images/DSC08917.JPG
2007 Toyota Camry XLE V6,https://www.dealsunlimitedinc.com/sites/default/files/public/images/DSC04639_1.JPG,https://www.dealsunlimitedinc.com/sites/default/files/public/images/DSC04640_0.JPG,https://www.dealsunlimitedinc.com/sites/default/files/public/images/DSC04641_0.JPG,https://www.dealsunlimitedinc.com/sites/default/files/public/images/DSC04642_0.JPG,https://www.dealsunlimitedinc.com/sites/default/files/public/images/DSC04643_0.JPG,https://www.dealsunlimitedinc.com/sites/default/files/public/images/DSC04644_0.JPG,https://www.dealsunlimitedinc.com/sites/default/files/public/images/DSC04645.JPG,https://www.dealsunlimitedinc.com/sites/default/files/public/images/DSC04646.JPG,https://www.dealsunlimitedinc.com/sites/default/files/public/images/DSC04647.JPG,https://www.dealsunlimitedinc.com/sites/default/files/public/images/DSC04648.JPG,https://www.dealsunlimitedinc.com/sites/default/files/public/images/DSC04649.JPG,https://www.dealsunlimitedinc.com/sites/default/files/public/images/DSC04651.JPG,https://www.dealsunlimitedinc.com/sites/default/files/public/images/DSC04652_0.JPG,https://www.dealsunlimitedinc.com/sites/default/files/public/images/DSC04653_0.JPG,https://www.dealsunlimitedinc.com/sites/default/files/public/images/DSC04655.JPG,https://www.dealsunlimitedinc.com/sites/default/files/public/images/DSC04654.JPG
2010 Mazda 3s Sedan 2.5L,https://www.dealsunlimitedinc.com/sites/default/files/public/images/DSC05673.JPG,https://www.dealsunlimitedinc.com/sites/default/files/public/images/DSC05674.JPG,https://www.dealsunlimitedinc.com/sites/default/files/public/images/DSC05675.JPG,https://www.dealsunlimitedinc.com/sites/default/files/public/images/DSC05676.JPG,https://www.dealsunlimitedinc.com/sites/default/files/public/images/DSC05677.JPG,https://www.dealsunlimitedinc.com/sites/default/files/public/images/DSC05678.JPG,https://www.dealsunlimitedinc.com/sites/default/files/public/images/DSC05679.JPG,https://www.dealsunlimitedinc.com/sites/default/files/public/images/DSC05680.JPG,https://www.dealsunlimitedinc.com/sites/default/files/public/images/DSC05681.JPG,https://www.dealsunlimitedinc.com/sites/default/files/public/images/DSC05682.JPG,https://www.dealsunlimitedinc.com/sites/default/files/public/images/DSC05683.JPG,https://www.dealsunlimitedinc.com/sites/default/files/public/images/DSC05684.JPG,https://www.dealsunlimitedinc.com/sites/default/files/public/images/DSC05686.JPG,https://www.dealsunlimitedinc.com/sites/default/files/public/images/DSC05687.JPG,https://www.dealsunlimitedinc.com/sites/default/files/public/images/DSC05689.JPG,https://www.dealsunlimitedinc.com/sites/default/files/public/images/DSC05688.JPG
2006 Chevy HHR LT,https://www.dealsunlimitedinc.com/sites/default/files/public/images/DSC08616_0.JPG,https://www.dealsunlimitedinc.com/sites/default/files/public/images/DSC08617.JPG,https://www.dealsunlimitedinc.com/sites/default/files/public/images/DSC08618_0.JPG,https://www.dealsunlimitedinc.com/sites/default/files/public/images/DSC08619_0.JPG,https://www.dealsunlimitedinc.com/sites/default/files/public/images/DSC08620_0.JPG,https://www.dealsunlimitedinc.com/sites/default/files/public/images/DSC08621_0.JPG,https://www.dealsunlimitedinc.com/sites/default/files/public/images/DSC08622_0.JPG,https://www.dealsunlimitedinc.com/sites/default/files/public/images/DSC08623_0.JPG,https://www.dealsunlimitedinc.com/sites/default/files/public/images/DSC08624.JPG,https://www.dealsunlimitedinc.com/sites/default/files/public/images/DSC08625_0.JPG,https://www.dealsunlimitedinc.com/sites/default/files/public/images/DSC08627_0.JPG,https://www.dealsunlimitedinc.com/sites/default/files/public/images/DSC08628_0.JPG,https://www.dealsunlimitedinc.com/sites/default/files/public/images/DSC08629_0.JPG,https://www.dealsunlimitedinc.com/sites/default/files/public/images/DSC08630_0.JPG,https://www.dealsunlimitedinc.com/sites/default/files/public/images/DSC08632_0.JPG,https://www.dealsunlimitedinc.com/sites/default/files/public/images/DSC08631_0.JPG
2008 Ford Mustang Shelby GT 500 6 Speed Manual,https://www.dealsunlimitedinc.com/sites/default/files/public/images/dsc00475-1.jpg,https://www.dealsunlimitedinc.com/sites/default/files/public/images/dsc00476-1.jpg,https://www.dealsunlimitedinc.com/sites/default/files/public/images/dsc00477-1.jpg,https://www.dealsunlimitedinc.com/sites/default/files/public/images/dsc00478-1.jpg,https://www.dealsunlimitedinc.com/sites/default/files/public/images/dsc00479-1.jpg,https://www.dealsunlimitedinc.com/sites/default/files/public/images/dsc00480-1.jpg,https://www.dealsunlimitedinc.com/sites/default/files/public/images/dsc00481-1.jpg,https://www.dealsunlimitedinc.com/sites/default/files/public/images/dsc00483-1.jpg,https://www.dealsunlimitedinc.com/sites/default/files/public/images/dsc00484-1.jpg,https://www.dealsunlimitedinc.com/sites/default/files/public/images/dsc00485-1.jpg,https://www.dealsunlimitedinc.com/sites/default/files/public/images/dsc00486-1.jpg,https://www.dealsunlimitedinc.com/sites/default/files/public/images/dsc00488-1.jpg,https://www.dealsunlimitedinc.com/sites/default/files/public/images/dsc00489.jpg,https://www.dealsunlimitedinc.com/sites/default/files/public/images/dsc00492-1.jpg,https://www.dealsunlimitedinc.com/sites/default/files/public/images/dsc00494-1.jpg,https://www.dealsunlimitedinc.com/sites/default/files/public/images/dsc00493-1.jpg
2011 Hyundai Sonata Hybrid,https://www.dealsunlimitedinc.com/sites/default/files/public/images/DSC02450.JPG,https://www.dealsunlimitedinc.com/sites/default/files/public/images/DSC02451.JPG,https://www.dealsunlimitedinc.com/sites/default/files/public/images/DSC02452.JPG,https://www.dealsunlimitedinc.com/sites/default/files/public/images/DSC02453.JPG,https://www.dealsunlimitedinc.com/sites/default/files/public/images/DSC02454.JPG,https://www.dealsunlimitedinc.com/sites/default/files/public/images/DSC02455.JPG,https://www.dealsunlimitedinc.com/sites/default/files/public/images/DSC02456.JPG,https://www.dealsunlimitedinc.com/sites/default/files/public/images/DSC02457.JPG,https://www.dealsunlimitedinc.com/sites/default/files/public/images/DSC02458.JPG,https://www.dealsunlimitedinc.com/sites/default/files/public/images/DSC02460.JPG,https://www.dealsunlimitedinc.com/sites/default/files/public/images/DSC02461.JPG,https://www.dealsunlimitedinc.com/sites/default/files/public/images/DSC02463.JPG,https://www.dealsunlimitedinc.com/sites/default/files/public/images/DSC02464.JPG,https://www.dealsunlimitedinc.com/sites/default/files/public/images/DSC02465.JPG,https://www.dealsunlimitedinc.com/sites/default/files/public/images/DSC02469.JPG,https://www.dealsunlimitedinc.com/sites/default/files/public/images/DSC02466.JPG
2005 Pontiac Grand AM SE Sedan,https://www.dealsunlimitedinc.com/sites/default/files/public/images/DSC05829.JPG,https://www.dealsunlimitedinc.com/sites/default/files/public/images/DSC05830.JPG,https://www.dealsunlimitedinc.com/sites/default/files/public/images/DSC05831.JPG,https://www.dealsunlimitedinc.com/sites/default/files/public/images/DSC05832.JPG,https://www.dealsunlimitedinc.com/sites/default/files/public/images/DSC05833.JPG,https://www.dealsunlimitedinc.com/sites/default/files/public/images/DSC05834.JPG,https://www.dealsunlimitedinc.com/sites/default/files/public/images/DSC05835.JPG,https://www.dealsunlimitedinc.com/sites/default/files/public/images/DSC05836.JPG,https://www.dealsunlimitedinc.com/sites/default/files/public/images/DSC05837.JPG,https://www.dealsunlimitedinc.com/sites/default/files/public/images/DSC05839.JPG,https://www.dealsunlimitedinc.com/sites/default/files/public/images/DSC05840.JPG,https://www.dealsunlimitedinc.com/sites/default/files/public/images/DSC05841.JPG,https://www.dealsunlimitedinc.com/sites/default/files/public/images/DSC05842.JPG,,,
2009 Chevy Impala LS,https://www.dealsunlimitedinc.com/sites/default/files/public/images/DSC03854.JPG,https://www.dealsunlimitedinc.com/sites/default/files/public/images/DSC03855.JPG,https://www.dealsunlimitedinc.com/sites/default/files/public/images/DSC03856.JPG,https://www.dealsunlimitedinc.com/sites/default/files/public/images/DSC03857.JPG,https://www.dealsunlimitedinc.com/sites/default/files/public/images/DSC03858.JPG,https://www.dealsunlimitedinc.com/sites/default/files/public/images/DSC03859.JPG,https://www.dealsunlimitedinc.com/sites/default/files/public/images/DSC03860.JPG,https://www.dealsunlimitedinc.com/sites/default/files/public/images/DSC03861.JPG,https://www.dealsunlimitedinc.com/sites/default/files/public/images/DSC03862.JPG,https://www.dealsunlimitedinc.com/sites/default/files/public/images/DSC03864.JPG,https://www.dealsunlimitedinc.com/sites/default/files/public/images/DSC03865.JPG,https://www.dealsunlimitedinc.com/sites/default/files/public/images/DSC03866_0.JPG,https://www.dealsunlimitedinc.com/sites/default/files/public/images/DSC03867_0.JPG,https://www.dealsunlimitedinc.com/sites/default/files/public/images/DSC03868_0.JPG,,https://www.dealsunlimitedinc.com/sites/default/files/public/images/DSC03869_0.JPG
2011 Mercury Milan Premier V6,https://www.dealsunlimitedinc.com/sites/default/files/public/images/DSC03833.JPG,https://www.dealsunlimitedinc.com/sites/default/files/public/images/DSC03834.JPG,https://www.dealsunlimitedinc.com/sites/default/files/public/images/DSC03835.JPG,https://www.dealsunlimitedinc.com/sites/default/files/public/images/DSC03836.JPG,https://www.dealsunlimitedinc.com/sites/default/files/public/images/DSC03837.JPG,https://www.dealsunlimitedinc.com/sites/default/files/public/images/DSC03838.JPG,https://www.dealsunlimitedinc.com/sites/default/files/public/images/DSC03839.JPG,https://www.dealsunlimitedinc.com/sites/default/files/public/images/DSC03840.JPG,https://www.dealsunlimitedinc.com/sites/default/files/public/images/DSC03841.JPG,https://www.dealsunlimitedinc.com/sites/default/files/public/images/DSC03842.JPG,https://www.dealsunlimitedinc.com/sites/default/files/public/images/DSC03843.JPG,https://www.dealsunlimitedinc.com/sites/default/files/public/images/DSC03846.JPG,https://www.dealsunlimitedinc.com/sites/default/files/public/images/DSC03849.JPG,https://www.dealsunlimitedinc.com/sites/default/files/public/images/DSC03850.JPG,https://www.dealsunlimitedinc.com/sites/default/files/public/images/DSC03852.JPG,https://www.dealsunlimitedinc.com/sites/default/files/public/images/DSC03851.JPG
2009 Volkswagen Jetta SE 2.5L Sedan,https://www.dealsunlimitedinc.com/sites/default/files/public/images/DSC09828_0.JPG,https://www.dealsunlimitedinc.com/sites/default/files/public/images/DSC09829_0.JPG,https://www.dealsunlimitedinc.com/sites/default/files/public/images/DSC09830_0.JPG,https://www.dealsunlimitedinc.com/sites/default/files/public/images/DSC09831.JPG,https://www.dealsunlimitedinc.com/sites/default/files/public/images/DSC09832_0.JPG,https://www.dealsunlimitedinc.com/sites/default/files/public/images/DSC02715.JPG,https://www.dealsunlimitedinc.com/sites/default/files/public/images/DSC02716.JPG,https://www.dealsunlimitedinc.com/sites/default/files/public/images/DSC02717.JPG,https://www.dealsunlimitedinc.com/sites/default/files/public/images/DSC02718_0.JPG,https://www.dealsunlimitedinc.com/sites/default/files/public/images/DSC02719_0.JPG,https://www.dealsunlimitedinc.com/sites/default/files/public/images/DSC02720_0.JPG,https://www.dealsunlimitedinc.com/sites/default/files/public/images/DSC02722_0.JPG,https://www.dealsunlimitedinc.com/sites/default/files/public/images/DSC02723_0.JPG,https://www.dealsunlimitedinc.com/sites/default/files/public/images/DSC02724_0.JPG,https://www.dealsunlimitedinc.com/sites/default/files/public/images/DSC02726_0.JPG,https://www.dealsunlimitedinc.com/sites/default/files/public/images/DSC02725_0.JPG
2010 Lexus ES 350,https://www.dealsunlimitedinc.com/sites/default/files/public/images/DSC00775.JPG,https://www.dealsunlimitedinc.com/sites/default/files/public/images/DSC00776.JPG,https://www.dealsunlimitedinc.com/sites/default/files/public/images/DSC00777.JPG,https://www.dealsunlimitedinc.com/sites/default/files/public/images/DSC00778.JPG,https://www.dealsunlimitedinc.com/sites/default/files/public/images/DSC00779.JPG,https://www.dealsunlimitedinc.com/sites/default/files/public/images/DSC00780.JPG,https://www.dealsunlimitedinc.com/sites/default/files/public/images/DSC00781.JPG,https://www.dealsunlimitedinc.com/sites/default/files/public/images/DSC00782.JPG,https://www.dealsunlimitedinc.com/sites/default/files/public/images/DSC00783.JPG,https://www.dealsunlimitedinc.com/sites/default/files/public/images/DSC00784.JPG,https://www.dealsunlimitedinc.com/sites/default/files/public/images/DSC00785.JPG,https://www.dealsunlimitedinc.com/sites/default/files/public/images/DSC00786.JPG,https://www.dealsunlimitedinc.com/sites/default/files/public/images/DSC00788.JPG,https://www.dealsunlimitedinc.com/sites/default/files/public/images/DSC00789.JPG,https://www.dealsunlimitedinc.com/sites/default/files/public/images/DSC00791.JPG,https://www.dealsunlimitedinc.com/sites/default/files/public/images/DSC00790.JPG
2010 Lexus ES 350,https://www.dealsunlimitedinc.com/sites/default/files/public/images/DSC02830_1.JPG,https://www.dealsunlimitedinc.com/sites/default/files/public/images/DSC02831_1.JPG,https://www.dealsunlimitedinc.com/sites/default/files/public/images/DSC02832_1.JPG,https://www.dealsunlimitedinc.com/sites/default/files/public/images/DSC02833_1.JPG,https://www.dealsunlimitedinc.com/sites/default/files/public/images/DSC02834_1.JPG,https://www.dealsunlimitedinc.com/sites/default/files/public/images/DSC02835_1.JPG,https://www.dealsunlimitedinc.com/sites/default/files/public/images/DSC02836_0.JPG,https://www.dealsunlimitedinc.com/sites/default/files/public/images/DSC02837_1.JPG,https://www.dealsunlimitedinc.com/sites/default/files/public/images/DSC02838_1.JPG,https://www.dealsunlimitedinc.com/sites/default/files/public/images/DSC02840_0.JPG,https://www.dealsunlimitedinc.com/sites/default/files/public/images/DSC02841_1.JPG,https://www.dealsunlimitedinc.com/sites/default/files/public/images/DSC02843_0.JPG,https://www.dealsunlimitedinc.com/sites/default/files/public/images/DSC02845_1.JPG,https://www.dealsunlimitedinc.com/sites/default/files/public/images/DSC02846_1.JPG,https://www.dealsunlimitedinc.com/sites/default/files/public/images/DSC02849.JPG,https://www.dealsunlimitedinc.com/sites/default/files/public/images/DSC02847_1.JPG
2006 Chrysler 300 Touring RWD V6,https://www.dealsunlimitedinc.com/sites/default/files/public/images/DSC06238.JPG,https://www.dealsunlimitedinc.com/sites/default/files/public/images/DSC06239.JPG,https://www.dealsunlimitedinc.com/sites/default/files/public/images/DSC06240.JPG,https://www.dealsunlimitedinc.com/sites/default/files/public/images/DSC06241.JPG,https://www.dealsunlimitedinc.com/sites/default/files/public/images/DSC06242.JPG,https://www.dealsunlimitedinc.com/sites/default/files/public/images/DSC06243.JPG,https://www.dealsunlimitedinc.com/sites/default/files/public/images/DSC06244.JPG,https://www.dealsunlimitedinc.com/sites/default/files/public/images/DSC06245.JPG,https://www.dealsunlimitedinc.com/sites/default/files/public/images/DSC06246.JPG,https://www.dealsunlimitedinc.com/sites/default/files/public/images/DSC06250.JPG,https://www.dealsunlimitedinc.com/sites/default/files/public/images/DSC06251.JPG,https://www.dealsunlimitedinc.com/sites/default/files/public/images/DSC06252.JPG,https://www.dealsunlimitedinc.com/sites/default/files/public/images/DSC06253.JPG,https://www.dealsunlimitedinc.com/sites/default/files/public/images/DSC06254.JPG,https://www.dealsunlimitedinc.com/sites/default/files/public/images/DSC06256.JPG,https://www.dealsunlimitedinc.com/sites/default/files/public/images/DSC06255.JPG
2007 Lexus ES350,https://www.dealsunlimitedinc.com/sites/default/files/public/images/DSC03226.JPG,https://www.dealsunlimitedinc.com/sites/default/files/public/images/DSC03227.JPG,https://www.dealsunlimitedinc.com/sites/default/files/public/images/DSC03228.JPG,https://www.dealsunlimitedinc.com/sites/default/files/public/images/DSC03229.JPG,https://www.dealsunlimitedinc.com/sites/default/files/public/images/DSC03230.JPG,https://www.dealsunlimitedinc.com/sites/default/files/public/images/DSC03231.JPG,https://www.dealsunlimitedinc.com/sites/default/files/public/images/DSC03232.JPG,https://www.dealsunlimitedinc.com/sites/default/files/public/images/DSC03233.JPG,https://www.dealsunlimitedinc.com/sites/default/files/public/images/DSC03234.JPG,https://www.dealsunlimitedinc.com/sites/default/files/public/images/DSC03236.JPG,https://www.dealsunlimitedinc.com/sites/default/files/public/images/DSC03237.JPG,https://www.dealsunlimitedinc.com/sites/default/files/public/images/DSC03238.JPG,https://www.dealsunlimitedinc.com/sites/default/files/public/images/DSC03240.JPG,https://www.dealsunlimitedinc.com/sites/default/files/public/images/DSC03241.JPG,https://www.dealsunlimitedinc.com/sites/default/files/public/images/DSC03243.JPG,https://www.dealsunlimitedinc.com/sites/default/files/public/images/DSC03242.JPG
2013 Fiat 500 Pop Hatchback,https://www.dealsunlimitedinc.com/sites/default/files/public/images/DSC05394.JPG,https://www.dealsunlimitedinc.com/sites/default/files/public/images/DSC05395.JPG,https://www.dealsunlimitedinc.com/sites/default/files/public/images/DSC05396.JPG,https://www.dealsunlimitedinc.com/sites/default/files/public/images/DSC05397.JPG,https://www.dealsunlimitedinc.com/sites/default/files/public/images/DSC05398.JPG,https://www.dealsunlimitedinc.com/sites/default/files/public/images/DSC05399.JPG,https://www.dealsunlimitedinc.com/sites/default/files/public/images/DSC05400.JPG,https://www.dealsunlimitedinc.com/sites/default/files/public/images/DSC05401.JPG,https://www.dealsunlimitedinc.com/sites/default/files/public/images/DSC05402.JPG,https://www.dealsunlimitedinc.com/sites/default/files/public/images/DSC05404.JPG,https://www.dealsunlimitedinc.com/sites/default/files/public/images/DSC05405.JPG,https://www.dealsunlimitedinc.com/sites/default/files/public/images/DSC05406.JPG,https://www.dealsunlimitedinc.com/sites/default/files/public/images/DSC05407.JPG,https://www.dealsunlimitedinc.com/sites/default/files/public/images/DSC05408.JPG,,https://www.dealsunlimitedinc.com/sites/default/files/public/images/DSC05409.JPG
2011 Ford Fusion SE 4 Cylinder,https://www.dealsunlimitedinc.com/sites/default/files/public/images/DSC08110.JPG,https://www.dealsunlimitedinc.com/sites/default/files/public/images/DSC08111.JPG,https://www.dealsunlimitedinc.com/sites/default/files/public/images/DSC08112.JPG,https://www.dealsunlimitedinc.com/sites/default/files/public/images/DSC08113.JPG,https://www.dealsunlimitedinc.com/sites/default/files/public/images/DSC08114.JPG,https://www.dealsunlimitedinc.com/sites/default/files/public/images/DSC08115.JPG,https://www.dealsunlimitedinc.com/sites/default/files/public/images/DSC08116.JPG,https://www.dealsunlimitedinc.com/sites/default/files/public/images/DSC08117.JPG,https://www.dealsunlimitedinc.com/sites/default/files/public/images/DSC08118_0.JPG,https://www.dealsunlimitedinc.com/sites/default/files/public/images/DSC08119_0.JPG,https://www.dealsunlimitedinc.com/sites/default/files/public/images/DSC08121_0.JPG,https://www.dealsunlimitedinc.com/sites/default/files/public/images/DSC08122_0.JPG,https://www.dealsunlimitedinc.com/sites/default/files/public/images/DSC08123_0.JPG,https://www.dealsunlimitedinc.com/sites/default/files/public/images/DSC08124_0.JPG,https://www.dealsunlimitedinc.com/sites/default/files/public/images/DSC08126_0.JPG,https://www.dealsunlimitedinc.com/sites/default/files/public/images/DSC08125_0.JPG
1999 Lexus LS400,https://www.dealsunlimitedinc.com/sites/default/files/public/images/DSC04354_0.JPG,https://www.dealsunlimitedinc.com/sites/default/files/public/images/DSC04355_0.JPG,https://www.dealsunlimitedinc.com/sites/default/files/public/images/DSC04356_0.JPG,https://www.dealsunlimitedinc.com/sites/default/files/public/images/DSC04357.JPG,https://www.dealsunlimitedinc.com/sites/default/files/public/images/DSC04358.JPG,https://www.dealsunlimitedinc.com/sites/default/files/public/images/DSC04359_0.JPG,https://www.dealsunlimitedinc.com/sites/default/files/public/images/DSC04360_0.JPG,https://www.dealsunlimitedinc.com/sites/default/files/public/images/DSC04361_0.JPG,https://www.dealsunlimitedinc.com/sites/default/files/public/images/DSC04362_0.JPG,https://www.dealsunlimitedinc.com/sites/default/files/public/images/DSC04363_0.JPG,https://www.dealsunlimitedinc.com/sites/default/files/public/images/DSC04364.JPG,https://www.dealsunlimitedinc.com/sites/default/files/public/images/DSC04365.JPG,https://www.dealsunlimitedinc.com/sites/default/files/public/images/DSC04367.JPG,https://www.dealsunlimitedinc.com/sites/default/files/public/images/DSC04368.JPG,https://www.dealsunlimitedinc.com/sites/default/files/public/images/DSC04370.JPG,https://www.dealsunlimitedinc.com/sites/default/files/public/images/DSC04369.JPG
2001 Chevy Impala LS,https://www.dealsunlimitedinc.com/sites/default/files/public/images/DSC06448.JPG,https://www.dealsunlimitedinc.com/sites/default/files/public/images/DSC06449.JPG,https://www.dealsunlimitedinc.com/sites/default/files/public/images/DSC06450.JPG,https://www.dealsunlimitedinc.com/sites/default/files/public/images/DSC06451.JPG,https://www.dealsunlimitedinc.com/sites/default/files/public/images/DSC06452.JPG,https://www.dealsunlimitedinc.com/sites/default/files/public/images/DSC06453_0.JPG,https://www.dealsunlimitedinc.com/sites/default/files/public/images/DSC06454.JPG,https://www.dealsunlimitedinc.com/sites/default/files/public/images/DSC06455.JPG,https://www.dealsunlimitedinc.com/sites/default/files/public/images/DSC06456.JPG,https://www.dealsunlimitedinc.com/sites/default/files/public/images/DSC06458.JPG,https://www.dealsunlimitedinc.com/sites/default/files/public/images/DSC06459_0.JPG,https://www.dealsunlimitedinc.com/sites/default/files/public/images/DSC06459A.JPG,https://www.dealsunlimitedinc.com/sites/default/files/public/images/DSC06460_0.JPG,https://www.dealsunlimitedinc.com/sites/default/files/public/images/DSC06461_0.JPG,,https://www.dealsunlimitedinc.com/sites/default/files/public/images/DSC06462_0.JPG
2005 Ford Five Hundred SE,https://www.dealsunlimitedinc.com/sites/default/files/public/images/DSC06079.JPG,https://www.dealsunlimitedinc.com/sites/default/files/public/images/DSC06080.JPG,https://www.dealsunlimitedinc.com/sites/default/files/public/images/DSC06081.JPG,https://www.dealsunlimitedinc.com/sites/default/files/public/images/DSC06082.JPG,https://www.dealsunlimitedinc.com/sites/default/files/public/images/DSC06083.JPG,https://www.dealsunlimitedinc.com/sites/default/files/public/images/DSC06084.JPG,https://www.dealsunlimitedinc.com/sites/default/files/public/images/DSC06085.JPG,https://www.dealsunlimitedinc.com/sites/default/files/public/images/DSC06086.JPG,https://www.dealsunlimitedinc.com/sites/default/files/public/images/DSC06087.JPG,https://www.dealsunlimitedinc.com/sites/default/files/public/images/DSC06089.JPG,https://www.dealsunlimitedinc.com/sites/default/files/public/images/DSC06090.JPG,https://www.dealsunlimitedinc.com/sites/default/files/public/images/DSC06091.JPG,https://www.dealsunlimitedinc.com/sites/default/files/public/images/DSC06092.JPG,https://www.dealsunlimitedinc.com/sites/default/files/public/images/DSC06093.JPG,,https://www.dealsunlimitedinc.com/sites/default/files/public/images/DSC06094.JPG
2007 Ford Taurus SEL V6,https://www.dealsunlimitedinc.com/sites/default/files/public/images/DSC06782.JPG,https://www.dealsunlimitedinc.com/sites/default/files/public/images/DSC06783.JPG,https://www.dealsunlimitedinc.com/sites/default/files/public/images/DSC06784.JPG,https://www.dealsunlimitedinc.com/sites/default/files/public/images/DSC06785.JPG,https://www.dealsunlimitedinc.com/sites/default/files/public/images/DSC06786.JPG,https://www.dealsunlimitedinc.com/sites/default/files/public/images/DSC06787.JPG,https://www.dealsunlimitedinc.com/sites/default/files/public/images/DSC06788.JPG,https://www.dealsunlimitedinc.com/sites/default/files/public/images/DSC06789.JPG,https://www.dealsunlimitedinc.com/sites/default/files/public/images/DSC06790.JPG,https://www.dealsunlimitedinc.com/sites/default/files/public/images/DSC06792.JPG,https://www.dealsunlimitedinc.com/sites/default/files/public/images/DSC06793.JPG,https://www.dealsunlimitedinc.com/sites/default/files/public/images/DSC06794.JPG,https://www.dealsunlimitedinc.com/sites/default/files/public/images/DSC06795.JPG,https://www.dealsunlimitedinc.com/sites/default/files/public/images/DSC06796.JPG,,https://www.dealsunlimitedinc.com/sites/default/files/public/images/DSC06797.JPG
2010 Ford Fusion SE 4 Cylinder,https://www.dealsunlimitedinc.com/sites/default/files/public/images/DSC05896_0.JPG,https://www.dealsunlimitedinc.com/sites/default/files/public/images/DSC05897_0.JPG,https://www.dealsunlimitedinc.com/sites/default/files/public/images/DSC05898_0.JPG,https://www.dealsunlimitedinc.com/sites/default/files/public/images/DSC05899_0.JPG,https://www.dealsunlimitedinc.com/sites/default/files/public/images/DSC05900.JPG,https://www.dealsunlimitedinc.com/sites/default/files/public/images/DSC05901_0.JPG,https://www.dealsunlimitedinc.com/sites/default/files/public/images/DSC05902_1.JPG,https://www.dealsunlimitedinc.com/sites/default/files/public/images/DSC05903_1.JPG,https://www.dealsunlimitedinc.com/sites/default/files/public/images/DSC05904_0.JPG,https://www.dealsunlimitedinc.com/sites/default/files/public/images/DSC05905.JPG,https://www.dealsunlimitedinc.com/sites/default/files/public/images/DSC05907.JPG,https://www.dealsunlimitedinc.com/sites/default/files/public/images/DSC05908.JPG,https://www.dealsunlimitedinc.com/sites/default/files/public/images/DSC05909_0.JPG,https://www.dealsunlimitedinc.com/sites/default/files/public/images/DSC05910_0.JPG,,https://www.dealsunlimitedinc.com/sites/default/files/public/images/DSC05911.JPG
2004 Nissan 350Z Roadster Touring Convertible Coupe,https://www.dealsunlimitedinc.com/sites/default/files/public/images/DSC00560.JPG,https://www.dealsunlimitedinc.com/sites/default/files/public/images/DSC00561.JPG,https://www.dealsunlimitedinc.com/sites/default/files/public/images/DSC00562.JPG,https://www.dealsunlimitedinc.com/sites/default/files/public/images/DSC00563.JPG,https://www.dealsunlimitedinc.com/sites/default/files/public/images/DSC00564.JPG,https://www.dealsunlimitedinc.com/sites/default/files/public/images/DSC00565.JPG,https://www.dealsunlimitedinc.com/sites/default/files/public/images/DSC00566.JPG,https://www.dealsunlimitedinc.com/sites/default/files/public/images/DSC00567.JPG,https://www.dealsunlimitedinc.com/sites/default/files/public/images/DSC00568.JPG,https://www.dealsunlimitedinc.com/sites/default/files/public/images/DSC00569.JPG,https://www.dealsunlimitedinc.com/sites/default/files/public/images/DSC00571.JPG,https://www.dealsunlimitedinc.com/sites/default/files/public/images/DSC00572.JPG,https://www.dealsunlimitedinc.com/sites/default/files/public/images/DSC00573.JPG,https://www.dealsunlimitedinc.com/sites/default/files/public/images/DSC00574.JPG,,https://www.dealsunlimitedinc.com/sites/default/files/public/images/DSC00575.JPG
2006 Chrysler PT Cruiser Limited Edition,https://www.dealsunlimitedinc.com/sites/default/files/public/images/DSC04532.JPG,https://www.dealsunlimitedinc.com/sites/default/files/public/images/DSC04533.JPG,https://www.dealsunlimitedinc.com/sites/default/files/public/images/DSC04534.JPG,https://www.dealsunlimitedinc.com/sites/default/files/public/images/DSC04535.JPG,https://www.dealsunlimitedinc.com/sites/default/files/public/images/DSC04536.JPG,https://www.dealsunlimitedinc.com/sites/default/files/public/images/DSC04537.JPG,https://www.dealsunlimitedinc.com/sites/default/files/public/images/DSC04538.JPG,https://www.dealsunlimitedinc.com/sites/default/files/public/images/DSC04539.JPG,https://www.dealsunlimitedinc.com/sites/default/files/public/images/DSC04540.JPG,https://www.dealsunlimitedinc.com/sites/default/files/public/images/DSC04542.JPG,https://www.dealsunlimitedinc.com/sites/default/files/public/images/DSC04543.JPG,https://www.dealsunlimitedinc.com/sites/default/files/public/images/DSC04544.JPG,https://www.dealsunlimitedinc.com/sites/default/files/public/images/DSC04545.JPG,https://www.dealsunlimitedinc.com/sites/default/files/public/images/DSC04546.JPG,,https://www.dealsunlimitedinc.com/sites/default/files/public/images/DSC04547.JPG
2007 Ford Focus ZX5 Hatchback,https://www.dealsunlimitedinc.com/sites/default/files/public/images/DSC04158.JPG,https://www.dealsunlimitedinc.com/sites/default/files/public/images/DSC04159.JPG,https://www.dealsunlimitedinc.com/sites/default/files/public/images/DSC04160.JPG,https://www.dealsunlimitedinc.com/sites/default/files/public/images/DSC04161.JPG,https://www.dealsunlimitedinc.com/sites/default/files/public/images/DSC04162.JPG,https://www.dealsunlimitedinc.com/sites/default/files/public/images/DSC04163.JPG,https://www.dealsunlimitedinc.com/sites/default/files/public/images/DSC04164.JPG,https://www.dealsunlimitedinc.com/sites/default/files/public/images/DSC04165.JPG,https://www.dealsunlimitedinc.com/sites/default/files/public/images/DSC04166.JPG,https://www.dealsunlimitedinc.com/sites/default/files/public/images/DSC04168.JPG,https://www.dealsunlimitedinc.com/sites/default/files/public/images/DSC04169.JPG,https://www.dealsunlimitedinc.com/sites/default/files/public/images/DSC04170.JPG,https://www.dealsunlimitedinc.com/sites/default/files/public/images/DSC04171.JPG,https://www.dealsunlimitedinc.com/sites/default/files/public/images/DSC04172.JPG,,
1998 Lexus LS400 V8,https://www.dealsunlimitedinc.com/sites/default/files/public/images/DSC09729_0.JPG,https://www.dealsunlimitedinc.com/sites/default/files/public/images/DSC09730_0.JPG,https://www.dealsunlimitedinc.com/sites/default/files/public/images/DSC09731.JPG,https://www.dealsunlimitedinc.com/sites/default/files/public/images/DSC09732_0.JPG,https://www.dealsunlimitedinc.com/sites/default/files/public/images/DSC09732A.JPG,https://www.dealsunlimitedinc.com/sites/default/files/public/images/DSC09732B.JPG,https://www.dealsunlimitedinc.com/sites/default/files/public/images/DSC09732C.JPG,https://www.dealsunlimitedinc.com/sites/default/files/public/images/DSC09733_0.JPG,https://www.dealsunlimitedinc.com/sites/default/files/public/images/DSC09734_0.JPG,https://www.dealsunlimitedinc.com/sites/default/files/public/images/DSC09735_0.JPG,https://www.dealsunlimitedinc.com/sites/default/files/public/images/DSC09736_0.JPG,https://www.dealsunlimitedinc.com/sites/default/files/public/images/DSC09738.JPG,https://www.dealsunlimitedinc.com/sites/default/files/public/images/DSC09739_0.JPG,https://www.dealsunlimitedinc.com/sites/default/files/public/images/DSC09740.JPG,https://www.dealsunlimitedinc.com/sites/default/files/public/images/DSC09742_0.JPG,https://www.dealsunlimitedinc.com/sites/default/files/public/images/DSC09741.JPG
2008 Scion tC,https://www.dealsunlimitedinc.com/sites/default/files/public/images/DSC05240.JPG,https://www.dealsunlimitedinc.com/sites/default/files/public/images/DSC05241.JPG,https://www.dealsunlimitedinc.com/sites/default/files/public/images/DSC05242.JPG,https://www.dealsunlimitedinc.com/sites/default/files/public/images/DSC05244_0.JPG,https://www.dealsunlimitedinc.com/sites/default/files/public/images/DSC05245_0.JPG,https://www.dealsunlimitedinc.com/sites/default/files/public/images/DSC05246_0.JPG,https://www.dealsunlimitedinc.com/sites/default/files/public/images/DSC05247_0.JPG,https://www.dealsunlimitedinc.com/sites/default/files/public/images/DSC05248_0.JPG,https://www.dealsunlimitedinc.com/sites/default/files/public/images/DSC05249_0.JPG,https://www.dealsunlimitedinc.com/sites/default/files/public/images/DSC05250_0.JPG,https://www.dealsunlimitedinc.com/sites/default/files/public/images/DSC05252_0.JPG,https://www.dealsunlimitedinc.com/sites/default/files/public/images/DSC05253.JPG,https://www.dealsunlimitedinc.com/sites/default/files/public/images/DSC05254_0.JPG,https://www.dealsunlimitedinc.com/sites/default/files/public/images/DSC05255_0.JPG,https://www.dealsunlimitedinc.com/sites/default/files/public/images/DSC05257_0.JPG,https://www.dealsunlimitedinc.com/sites/default/files/public/images/DSC05256_0.JPG
2012 Ford Taurus SEL,https://www.dealsunlimitedinc.com/sites/default/files/public/images/DSC09815_0.JPG,https://www.dealsunlimitedinc.com/sites/default/files/public/images/DSC09816_0.JPG,https://www.dealsunlimitedinc.com/sites/default/files/public/images/DSC09817_0.JPG,https://www.dealsunlimitedinc.com/sites/default/files/public/images/DSC09818_0.JPG,https://www.dealsunlimitedinc.com/sites/default/files/public/images/DSC09819_0.JPG,https://www.dealsunlimitedinc.com/sites/default/files/public/images/DSC02984_0.JPG,https://www.dealsunlimitedinc.com/sites/default/files/public/images/DSC02985_0.JPG,https://www.dealsunlimitedinc.com/sites/default/files/public/images/DSC02987_0.JPG,https://www.dealsunlimitedinc.com/sites/default/files/public/images/DSC02988.JPG,https://www.dealsunlimitedinc.com/sites/default/files/public/images/DSC02989.JPG,https://www.dealsunlimitedinc.com/sites/default/files/public/images/DSC02990.JPG,https://www.dealsunlimitedinc.com/sites/default/files/public/images/DSC02992.JPG,https://www.dealsunlimitedinc.com/sites/default/files/public/images/DSC02993.JPG,https://www.dealsunlimitedinc.com/sites/default/files/public/images/DSC02995.JPG,https://www.dealsunlimitedinc.com/sites/default/files/public/images/DSC02997.JPG,https://www.dealsunlimitedinc.com/sites/default/files/public/images/DSC02996.JPG
2006 Subaru Legacy 2.5i Limited AWD,https://www.dealsunlimitedinc.com/sites/default/files/public/images/DSC05431.JPG,https://www.dealsunlimitedinc.com/sites/default/files/public/images/DSC05432.JPG,https://www.dealsunlimitedinc.com/sites/default/files/public/images/DSC05433.JPG,https://www.dealsunlimitedinc.com/sites/default/files/public/images/DSC05434.JPG,https://www.dealsunlimitedinc.com/sites/default/files/public/images/DSC05435.JPG,https://www.dealsunlimitedinc.com/sites/default/files/public/images/DSC05436.JPG,https://www.dealsunlimitedinc.com/sites/default/files/public/images/DSC05437.JPG,https://www.dealsunlimitedinc.com/sites/default/files/public/images/DSC05438.JPG,https://www.dealsunlimitedinc.com/sites/default/files/public/images/DSC05439.JPG,https://www.dealsunlimitedinc.com/sites/default/files/public/images/DSC05440.JPG,https://www.dealsunlimitedinc.com/sites/default/files/public/images/DSC05442.JPG,https://www.dealsunlimitedinc.com/sites/default/files/public/images/DSC05443.JPG,https://www.dealsunlimitedinc.com/sites/default/files/public/images/DSC05444.JPG,https://www.dealsunlimitedinc.com/sites/default/files/public/images/DSC05445.JPG,https://www.dealsunlimitedinc.com/sites/default/files/public/images/DSC05447.JPG,https://www.dealsunlimitedinc.com/sites/default/files/public/images/DSC05446.JPG
2011 Ford Taurus SEL,https://www.dealsunlimitedinc.com/sites/default/files/public/images/DSC06261.JPG,https://www.dealsunlimitedinc.com/sites/default/files/public/images/DSC06262.JPG,https://www.dealsunlimitedinc.com/sites/default/files/public/images/DSC06264.JPG,https://www.dealsunlimitedinc.com/sites/default/files/public/images/DSC06265.JPG,https://www.dealsunlimitedinc.com/sites/default/files/public/images/DSC06266.JPG,https://www.dealsunlimitedinc.com/sites/default/files/public/images/DSC06267.JPG,https://www.dealsunlimitedinc.com/sites/default/files/public/images/DSC06267A.JPG,https://www.dealsunlimitedinc.com/sites/default/files/public/images/DSC06268.JPG,https://www.dealsunlimitedinc.com/sites/default/files/public/images/DSC06269.JPG,https://www.dealsunlimitedinc.com/sites/default/files/public/images/DSC06270.JPG,https://www.dealsunlimitedinc.com/sites/default/files/public/images/DSC06272.JPG,https://www.dealsunlimitedinc.com/sites/default/files/public/images/DSC06274.JPG,https://www.dealsunlimitedinc.com/sites/default/files/public/images/DSC06275.JPG,https://www.dealsunlimitedinc.com/sites/default/files/public/images/DSC06276.JPG,https://www.dealsunlimitedinc.com/sites/default/files/public/images/DSC06279.JPG,https://www.dealsunlimitedinc.com/sites/default/files/public/images/DSC06278.JPG
2005 Buick LeSabre Custom,https://www.dealsunlimitedinc.com/sites/default/files/public/images/DSC00913.JPG,https://www.dealsunlimitedinc.com/sites/default/files/public/images/DSC00914.JPG,https://www.dealsunlimitedinc.com/sites/default/files/public/images/DSC00915.JPG,https://www.dealsunlimitedinc.com/sites/default/files/public/images/DSC00916.JPG,https://www.dealsunlimitedinc.com/sites/default/files/public/images/DSC00917.JPG,https://www.dealsunlimitedinc.com/sites/default/files/public/images/DSC00918.JPG,https://www.dealsunlimitedinc.com/sites/default/files/public/images/DSC00919.JPG,https://www.dealsunlimitedinc.com/sites/default/files/public/images/DSC00920.JPG,https://www.dealsunlimitedinc.com/sites/default/files/public/images/DSC00921.JPG,https://www.dealsunlimitedinc.com/sites/default/files/public/images/DSC00922.JPG,https://www.dealsunlimitedinc.com/sites/default/files/public/images/DSC00925.JPG,https://www.dealsunlimitedinc.com/sites/default/files/public/images/DSC00926.JPG,https://www.dealsunlimitedinc.com/sites/default/files/public/images/DSC00927.JPG,https://www.dealsunlimitedinc.com/sites/default/files/public/images/DSC00928.JPG,https://www.dealsunlimitedinc.com/sites/default/files/public/images/DSC00930.JPG,https://www.dealsunlimitedinc.com/sites/default/files/public/images/DSC00929.JPG
2009 Volkswagen Jetta TDI,https://www.dealsunlimitedinc.com/sites/default/files/public/images/DSC04787.JPG,https://www.dealsunlimitedinc.com/sites/default/files/public/images/DSC04788.JPG,https://www.dealsunlimitedinc.com/sites/default/files/public/images/DSC04789.JPG,https://www.dealsunlimitedinc.com/sites/default/files/public/images/DSC04790.JPG,https://www.dealsunlimitedinc.com/sites/default/files/public/images/DSC04791.JPG,https://www.dealsunlimitedinc.com/sites/default/files/public/images/DSC04792.JPG,https://www.dealsunlimitedinc.com/sites/default/files/public/images/DSC04793.JPG,https://www.dealsunlimitedinc.com/sites/default/files/public/images/DSC04794.JPG,https://www.dealsunlimitedinc.com/sites/default/files/public/images/DSC04795.JPG,https://www.dealsunlimitedinc.com/sites/default/files/public/images/DSC04796.JPG,https://www.dealsunlimitedinc.com/sites/default/files/public/images/DSC04798.JPG,https://www.dealsunlimitedinc.com/sites/default/files/public/images/DSC04799_0.JPG,https://www.dealsunlimitedinc.com/sites/default/files/public/images/DSC04800_0.JPG,https://www.dealsunlimitedinc.com/sites/default/files/public/images/DSC04801_0.JPG,https://www.dealsunlimitedinc.com/sites/default/files/public/images/DSC04803_0.JPG,https://www.dealsunlimitedinc.com/sites/default/files/public/images/DSC04802_0.JPG
2012 Toyota Camry XLE Hybrid,https://www.dealsunlimitedinc.com/sites/default/files/public/images/DSC08377.JPG,https://www.dealsunlimitedinc.com/sites/default/files/public/images/DSC08378.JPG,https://www.dealsunlimitedinc.com/sites/default/files/public/images/DSC08379.JPG,https://www.dealsunlimitedinc.com/sites/default/files/public/images/DSC08380.JPG,https://www.dealsunlimitedinc.com/sites/default/files/public/images/DSC08381.JPG,https://www.dealsunlimitedinc.com/sites/default/files/public/images/DSC08382.JPG,https://www.dealsunlimitedinc.com/sites/default/files/public/images/DSC08383.JPG,https://www.dealsunlimitedinc.com/sites/default/files/public/images/DSC08384.JPG,https://www.dealsunlimitedinc.com/sites/default/files/public/images/DSC08385.JPG,https://www.dealsunlimitedinc.com/sites/default/files/public/images/DSC08386.JPG,https://www.dealsunlimitedinc.com/sites/default/files/public/images/DSC08387.JPG,https://www.dealsunlimitedinc.com/sites/default/files/public/images/DSC08388.JPG,https://www.dealsunlimitedinc.com/sites/default/files/public/images/DSC08389.JPG,https://www.dealsunlimitedinc.com/sites/default/files/public/images/DSC08391.JPG,https://www.dealsunlimitedinc.com/sites/default/files/public/images/DSC08393.JPG,https://www.dealsunlimitedinc.com/sites/default/files/public/images/DSC08392.JPG
1992 Volkswagen Cabriolet Convertible 5 Speed Manual,https://www.dealsunlimitedinc.com/sites/default/files/public/images/DSC02833.JPG,https://www.dealsunlimitedinc.com/sites/default/files/public/images/DSC02834.JPG,https://www.dealsunlimitedinc.com/sites/default/files/public/images/DSC02835.JPG,https://www.dealsunlimitedinc.com/sites/default/files/public/images/DSC02836.JPG,https://www.dealsunlimitedinc.com/sites/default/files/public/images/DSC02837.JPG,https://www.dealsunlimitedinc.com/sites/default/files/public/images/DSC02838.JPG,https://www.dealsunlimitedinc.com/sites/default/files/public/images/DSC02839.JPG,https://www.dealsunlimitedinc.com/sites/default/files/public/images/DSC02840.JPG,https://www.dealsunlimitedinc.com/sites/default/files/public/images/DSC02841.JPG,https://www.dealsunlimitedinc.com/sites/default/files/public/images/DSC02842.JPG,https://www.dealsunlimitedinc.com/sites/default/files/public/images/DSC02843.JPG,https://www.dealsunlimitedinc.com/sites/default/files/public/images/DSC02845.JPG,https://www.dealsunlimitedinc.com/sites/default/files/public/images/DSC02846.JPG,https://www.dealsunlimitedinc.com/sites/default/files/public/images/DSC02847.JPG,https://www.dealsunlimitedinc.com/sites/default/files/public/images/DSC02850_0.JPG,https://www.dealsunlimitedinc.com/sites/default/files/public/images/DSC02849_1.JPG
2011 Chevy Malibu LS,https://www.dealsunlimitedinc.com/sites/default/files/public/images/DSC03875.JPG,https://www.dealsunlimitedinc.com/sites/default/files/public/images/DSC03876.JPG,https://www.dealsunlimitedinc.com/sites/default/files/public/images/DSC03877.JPG,https://www.dealsunlimitedinc.com/sites/default/files/public/images/DSC03878.JPG,https://www.dealsunlimitedinc.com/sites/default/files/public/images/DSC03879.JPG,https://www.dealsunlimitedinc.com/sites/default/files/public/images/DSC03880.JPG,https://www.dealsunlimitedinc.com/sites/default/files/public/images/DSC03881.JPG,https://www.dealsunlimitedinc.com/sites/default/files/public/images/DSC03882.JPG,https://www.dealsunlimitedinc.com/sites/default/files/public/images/DSC03883.JPG,https://www.dealsunlimitedinc.com/sites/default/files/public/images/DSC03885.JPG,https://www.dealsunlimitedinc.com/sites/default/files/public/images/DSC03886.JPG,https://www.dealsunlimitedinc.com/sites/default/files/public/images/DSC03887.JPG,https://www.dealsunlimitedinc.com/sites/default/files/public/images/DSC03888.JPG,https://www.dealsunlimitedinc.com/sites/default/files/public/images/DSC03889.JPG,,
2004 Buick LeSabre Custom,https://www.dealsunlimitedinc.com/sites/default/files/public/images/DSC06200.JPG,https://www.dealsunlimitedinc.com/sites/default/files/public/images/DSC06201.JPG,https://www.dealsunlimitedinc.com/sites/default/files/public/images/DSC06202.JPG,https://www.dealsunlimitedinc.com/sites/default/files/public/images/DSC06203.JPG,https://www.dealsunlimitedinc.com/sites/default/files/public/images/DSC06204.JPG,https://www.dealsunlimitedinc.com/sites/default/files/public/images/DSC06205.JPG,https://www.dealsunlimitedinc.com/sites/default/files/public/images/DSC06206.JPG,https://www.dealsunlimitedinc.com/sites/default/files/public/images/DSC06207.JPG,https://www.dealsunlimitedinc.com/sites/default/files/public/images/DSC06208.JPG,https://www.dealsunlimitedinc.com/sites/default/files/public/images/DSC06210.JPG,https://www.dealsunlimitedinc.com/sites/default/files/public/images/DSC06211.JPG,https://www.dealsunlimitedinc.com/sites/default/files/public/images/DSC06212.JPG,https://www.dealsunlimitedinc.com/sites/default/files/public/images/DSC06213.JPG,https://www.dealsunlimitedinc.com/sites/default/files/public/images/DSC06214.JPG,,https://www.dealsunlimitedinc.com/sites/default/files/public/images/DSC06215.JPG
2010 Dodge Charger SXT 3.5L RWD,https://www.dealsunlimitedinc.com/sites/default/files/public/images/DSC06166.JPG,https://www.dealsunlimitedinc.com/sites/default/files/public/images/DSC06167.JPG,https://www.dealsunlimitedinc.com/sites/default/files/public/images/DSC06168.JPG,https://www.dealsunlimitedinc.com/sites/default/files/public/images/DSC06169_0.JPG,https://www.dealsunlimitedinc.com/sites/default/files/public/images/DSC06170_0.JPG,https://www.dealsunlimitedinc.com/sites/default/files/public/images/DSC06171_0.JPG,https://www.dealsunlimitedinc.com/sites/default/files/public/images/DSC06172_0.JPG,https://www.dealsunlimitedinc.com/sites/default/files/public/images/DSC06173_0.JPG,https://www.dealsunlimitedinc.com/sites/default/files/public/images/DSC06174_0.JPG,https://www.dealsunlimitedinc.com/sites/default/files/public/images/DSC06175_0.JPG,https://www.dealsunlimitedinc.com/sites/default/files/public/images/DSC06177_0.JPG,https://www.dealsunlimitedinc.com/sites/default/files/public/images/DSC06178_0.JPG,https://www.dealsunlimitedinc.com/sites/default/files/public/images/DSC06179_0.JPG,https://www.dealsunlimitedinc.com/sites/default/files/public/images/DSC06180.JPG,https://www.dealsunlimitedinc.com/sites/default/files/public/images/DSC06182_0.JPG,https://www.dealsunlimitedinc.com/sites/default/files/public/images/DSC06181_0.JPG
2011 Ford Fusion Hybrid 4 Cylinder,https://www.dealsunlimitedinc.com/sites/default/files/public/images/DSC09793.JPG,https://www.dealsunlimitedinc.com/sites/default/files/public/images/DSC09794.JPG,https://www.dealsunlimitedinc.com/sites/default/files/public/images/DSC09795.JPG,https://www.dealsunlimitedinc.com/sites/default/files/public/images/DSC09796.JPG,https://www.dealsunlimitedinc.com/sites/default/files/public/images/DSC09797.JPG,https://www.dealsunlimitedinc.com/sites/default/files/public/images/DSC09798.JPG,https://www.dealsunlimitedinc.com/sites/default/files/public/images/DSC09799.JPG,https://www.dealsunlimitedinc.com/sites/default/files/public/images/DSC09800.JPG,https://www.dealsunlimitedinc.com/sites/default/files/public/images/DSC09801.JPG,https://www.dealsunlimitedinc.com/sites/default/files/public/images/DSC09802.JPG,https://www.dealsunlimitedinc.com/sites/default/files/public/images/DSC09804.JPG,https://www.dealsunlimitedinc.com/sites/default/files/public/images/DSC09805.JPG,https://www.dealsunlimitedinc.com/sites/default/files/public/images/DSC09806.JPG,https://www.dealsunlimitedinc.com/sites/default/files/public/images/DSC09807.JPG,https://www.dealsunlimitedinc.com/sites/default/files/public/images/DSC09809.JPG,https://www.dealsunlimitedinc.com/sites/default/files/public/images/DSC09808.JPG
2005 Chevy Malibu LS V6,https://www.dealsunlimitedinc.com/sites/default/files/public/images/DSC05730_0.JPG,https://www.dealsunlimitedinc.com/sites/default/files/public/images/DSC05731.JPG,https://www.dealsunlimitedinc.com/sites/default/files/public/images/DSC05732.JPG,https://www.dealsunlimitedinc.com/sites/default/files/public/images/DSC05734.JPG,https://www.dealsunlimitedinc.com/sites/default/files/public/images/DSC05735.JPG,https://www.dealsunlimitedinc.com/sites/default/files/public/images/DSC05736.JPG,https://www.dealsunlimitedinc.com/sites/default/files/public/images/DSC05737.JPG,https://www.dealsunlimitedinc.com/sites/default/files/public/images/DSC05738.JPG,https://www.dealsunlimitedinc.com/sites/default/files/public/images/DSC05739_0.JPG,https://www.dealsunlimitedinc.com/sites/default/files/public/images/DSC05740_0.JPG,https://www.dealsunlimitedinc.com/sites/default/files/public/images/DSC05742_0.JPG,https://www.dealsunlimitedinc.com/sites/default/files/public/images/DSC05743.JPG,https://www.dealsunlimitedinc.com/sites/default/files/public/images/DSC05744.JPG,https://www.dealsunlimitedinc.com/sites/default/files/public/images/DSC05745_0.JPG,https://www.dealsunlimitedinc.com/sites/default/files/public/images/DSC05747.JPG,https://www.dealsunlimitedinc.com/sites/default/files/public/images/DSC05746_0.JPG
2008 Chevy Impala LTZ,https://www.dealsunlimitedinc.com/sites/default/files/public/images/DSC01635.JPG,https://www.dealsunlimitedinc.com/sites/default/files/public/images/DSC01636.JPG,https://www.dealsunlimitedinc.com/sites/default/files/public/images/DSC01637.JPG,https://www.dealsunlimitedinc.com/sites/default/files/public/images/DSC01638.JPG,https://www.dealsunlimitedinc.com/sites/default/files/public/images/DSC01639.JPG,https://www.dealsunlimitedinc.com/sites/default/files/public/images/DSC01640.JPG,https://www.dealsunlimitedinc.com/sites/default/files/public/images/DSC01641.JPG,https://www.dealsunlimitedinc.com/sites/default/files/public/images/DSC01642.JPG,https://www.dealsunlimitedinc.com/sites/default/files/public/images/DSC01643.JPG,https://www.dealsunlimitedinc.com/sites/default/files/public/images/DSC01644.JPG,https://www.dealsunlimitedinc.com/sites/default/files/public/images/DSC01646.JPG,https://www.dealsunlimitedinc.com/sites/default/files/public/images/DSC01647.JPG,https://www.dealsunlimitedinc.com/sites/default/files/public/images/DSC01648.JPG,https://www.dealsunlimitedinc.com/sites/default/files/public/images/DSC01649.JPG,https://www.dealsunlimitedinc.com/sites/default/files/public/images/DSC01651.JPG,https://www.dealsunlimitedinc.com/sites/default/files/public/images/DSC01650.JPG
2009 Chevy Cobalt LT 4 Cylinder,https://www.dealsunlimitedinc.com/sites/default/files/public/images/DSC08778.JPG,https://www.dealsunlimitedinc.com/sites/default/files/public/images/DSC08779.JPG,https://www.dealsunlimitedinc.com/sites/default/files/public/images/DSC08780.JPG,https://www.dealsunlimitedinc.com/sites/default/files/public/images/DSC08781.JPG,https://www.dealsunlimitedinc.com/sites/default/files/public/images/DSC08782.JPG,https://www.dealsunlimitedinc.com/sites/default/files/public/images/DSC02608.JPG,https://www.dealsunlimitedinc.com/sites/default/files/public/images/DSC02609.JPG,https://www.dealsunlimitedinc.com/sites/default/files/public/images/DSC02610.JPG,https://www.dealsunlimitedinc.com/sites/default/files/public/images/DSC02612.JPG,https://www.dealsunlimitedinc.com/sites/default/files/public/images/DSC02613.JPG,https://www.dealsunlimitedinc.com/sites/default/files/public/images/DSC02615.JPG,https://www.dealsunlimitedinc.com/sites/default/files/public/images/DSC08783.JPG,,,,
2014 Ford Mustang Coupe V6,https://www.dealsunlimitedinc.com/sites/default/files/public/images/DSC04976.JPG,https://www.dealsunlimitedinc.com/sites/default/files/public/images/DSC04977.JPG,https://www.dealsunlimitedinc.com/sites/default/files/public/images/DSC04978.JPG,https://www.dealsunlimitedinc.com/sites/default/files/public/images/DSC04979.JPG,https://www.dealsunlimitedinc.com/sites/default/files/public/images/DSC04980.JPG,https://www.dealsunlimitedinc.com/sites/default/files/public/images/DSC04981.JPG,https://www.dealsunlimitedinc.com/sites/default/files/public/images/DSC04982.JPG,https://www.dealsunlimitedinc.com/sites/default/files/public/images/DSC04983.JPG,https://www.dealsunlimitedinc.com/sites/default/files/public/images/DSC04984.JPG,https://www.dealsunlimitedinc.com/sites/default/files/public/images/DSC04986.JPG,https://www.dealsunlimitedinc.com/sites/default/files/public/images/DSC04987.JPG,https://www.dealsunlimitedinc.com/sites/default/files/public/images/DSC04988.JPG,https://www.dealsunlimitedinc.com/sites/default/files/public/images/DSC04991.JPG,https://www.dealsunlimitedinc.com/sites/default/files/public/images/DSC04992.JPG,https://www.dealsunlimitedinc.com/sites/default/files/public/images/DSC04994.JPG,https://www.dealsunlimitedinc.com/sites/default/files/public/images/DSC04993.JPG
2005 Ford Taurus SE,https://www.dealsunlimitedinc.com/sites/default/files/public/images/DSC05567.JPG,https://www.dealsunlimitedinc.com/sites/default/files/public/images/DSC05568.JPG,https://www.dealsunlimitedinc.com/sites/default/files/public/images/DSC05569.JPG,https://www.dealsunlimitedinc.com/sites/default/files/public/images/DSC05570.JPG,https://www.dealsunlimitedinc.com/sites/default/files/public/images/DSC05571.JPG,https://www.dealsunlimitedinc.com/sites/default/files/public/images/DSC05572.JPG,https://www.dealsunlimitedinc.com/sites/default/files/public/images/DSC05573.JPG,https://www.dealsunlimitedinc.com/sites/default/files/public/images/DSC05574.JPG,https://www.dealsunlimitedinc.com/sites/default/files/public/images/DSC05575.JPG,https://www.dealsunlimitedinc.com/sites/default/files/public/images/DSC05577.JPG,https://www.dealsunlimitedinc.com/sites/default/files/public/images/DSC05578.JPG,https://www.dealsunlimitedinc.com/sites/default/files/public/images/DSC05579.JPG,https://www.dealsunlimitedinc.com/sites/default/files/public/images/DSC05580.JPG,https://www.dealsunlimitedinc.com/sites/default/files/public/images/DSC05581.JPG,,
2013 Dodge Dart SXT Rallye,https://www.dealsunlimitedinc.com/sites/default/files/public/images/DSC02819.JPG,https://www.dealsunlimitedinc.com/sites/default/files/public/images/DSC02820_0.JPG,https://www.dealsunlimitedinc.com/sites/default/files/public/images/DSC02821.JPG,https://www.dealsunlimitedinc.com/sites/default/files/public/images/DSC02822.JPG,https://www.dealsunlimitedinc.com/sites/default/files/public/images/DSC02823.JPG,https://www.dealsunlimitedinc.com/sites/default/files/public/images/DSC02824.JPG,https://www.dealsunlimitedinc.com/sites/default/files/public/images/DSC02825.JPG,https://www.dealsunlimitedinc.com/sites/default/files/public/images/DSC02826.JPG,https://www.dealsunlimitedinc.com/sites/default/files/public/images/DSC02828.JPG,https://www.dealsunlimitedinc.com/sites/default/files/public/images/DSC02829.JPG,https://www.dealsunlimitedinc.com/sites/default/files/public/images/DSC02831.JPG,https://www.dealsunlimitedinc.com/sites/default/files/public/images/DSC02832.JPG,https://www.dealsunlimitedinc.com/sites/default/files/public/images/DSC02833_0.JPG,https://www.dealsunlimitedinc.com/sites/default/files/public/images/DSC02834_0.JPG,,https://www.dealsunlimitedinc.com/sites/default/files/public/images/DSC02836_1.JPG
2005 Ford Taurus SE,https://www.dealsunlimitedinc.com/sites/default/files/public/images/DSC03605.JPG,https://www.dealsunlimitedinc.com/sites/default/files/public/images/DSC03606.JPG,https://www.dealsunlimitedinc.com/sites/default/files/public/images/DSC03607.JPG,https://www.dealsunlimitedinc.com/sites/default/files/public/images/DSC03608.JPG,https://www.dealsunlimitedinc.com/sites/default/files/public/images/DSC03609.JPG,https://www.dealsunlimitedinc.com/sites/default/files/public/images/DSC03610.JPG,https://www.dealsunlimitedinc.com/sites/default/files/public/images/DSC03611.JPG,https://www.dealsunlimitedinc.com/sites/default/files/public/images/DSC03612.JPG,https://www.dealsunlimitedinc.com/sites/default/files/public/images/DSC03613.JPG,https://www.dealsunlimitedinc.com/sites/default/files/public/images/DSC03615.JPG,https://www.dealsunlimitedinc.com/sites/default/files/public/images/DSC03616.JPG,https://www.dealsunlimitedinc.com/sites/default/files/public/images/DSC03617.JPG,https://www.dealsunlimitedinc.com/sites/default/files/public/images/DSC03618.JPG,https://www.dealsunlimitedinc.com/sites/default/files/public/images/DSC03619.JPG,,https://www.dealsunlimitedinc.com/sites/default/files/public/images/DSC03620.JPG
2004 Volkswagen Phaeton V8,https://www.dealsunlimitedinc.com/sites/default/files/public/images/DSC03033.JPG,https://www.dealsunlimitedinc.com/sites/default/files/public/images/DSC03034.JPG,https://www.dealsunlimitedinc.com/sites/default/files/public/images/DSC03035.JPG,https://www.dealsunlimitedinc.com/sites/default/files/public/images/DSC03036.JPG,https://www.dealsunlimitedinc.com/sites/default/files/public/images/DSC03037.JPG,https://www.dealsunlimitedinc.com/sites/default/files/public/images/DSC03038.JPG,https://www.dealsunlimitedinc.com/sites/default/files/public/images/DSC03039.JPG,https://www.dealsunlimitedinc.com/sites/default/files/public/images/DSC03040.JPG,https://www.dealsunlimitedinc.com/sites/default/files/public/images/DSC03041.JPG,https://www.dealsunlimitedinc.com/sites/default/files/public/images/DSC03042.JPG,https://www.dealsunlimitedinc.com/sites/default/files/public/images/DSC03043.JPG,https://www.dealsunlimitedinc.com/sites/default/files/public/images/DSC03045.JPG,https://www.dealsunlimitedinc.com/sites/default/files/public/images/DSC03046.JPG,https://www.dealsunlimitedinc.com/sites/default/files/public/images/DSC03047.JPG,https://www.dealsunlimitedinc.com/sites/default/files/public/images/DSC03049.JPG,https://www.dealsunlimitedinc.com/sites/default/files/public/images/DSC03048.JPG
2006 Ford Taurus SEL,https://www.dealsunlimitedinc.com/sites/default/files/public/images/DSC08815.JPG,https://www.dealsunlimitedinc.com/sites/default/files/public/images/DSC08816.JPG,https://www.dealsunlimitedinc.com/sites/default/files/public/images/DSC08817.JPG,https://www.dealsunlimitedinc.com/sites/default/files/public/images/DSC08818.JPG,https://www.dealsunlimitedinc.com/sites/default/files/public/images/DSC08819.JPG,https://www.dealsunlimitedinc.com/sites/default/files/public/images/DSC00007_0.JPG,https://www.dealsunlimitedinc.com/sites/default/files/public/images/DSC00008_0.JPG,https://www.dealsunlimitedinc.com/sites/default/files/public/images/DSC00009_0.JPG,https://www.dealsunlimitedinc.com/sites/default/files/public/images/DSC00010.JPG,https://www.dealsunlimitedinc.com/sites/default/files/public/images/DSC00012_0.JPG,https://www.dealsunlimitedinc.com/sites/default/files/public/images/DSC00013_0.JPG,https://www.dealsunlimitedinc.com/sites/default/files/public/images/DSC00014_0.JPG,https://www.dealsunlimitedinc.com/sites/default/files/public/images/DSC00015_0.JPG,https://www.dealsunlimitedinc.com/sites/default/files/public/images/DSC00016_0.JPG,,https://www.dealsunlimitedinc.com/sites/default/files/public/images/DSC08820.JPG
